latitude,longitude,elevation_m
43.6597748,-79.3963113,114.00
43.6597748,-79.3962989,114.00
43.6597748,-79.3962864,114.00
43.6597748,-79.3962740,114.00
43.6597748,-79.3962615,114.00
43.6597748,-79.3962491,114.00
43.6597748,-79.3962366,114.00
43.6597748,-79.3962242,114.00
43.6597748,-79.3962117,114.00
43.6597748,-79.3961992,114.00
43.6597748,-79.3961868,114.00
43.6597748,-79.3961743,114.00
43.6597748,-79.3961619,114.00
43.6597748,-79.3961494,114.00
43.6597748,-79.3961370,114.00
43.6597748,-79.3961245,114.00
43.6597748,-79.3961121,114.00
43.6597748,-79.3960996,114.00
43.6597748,-79.3960872,114.00
43.6597748,-79.3960747,114.00
43.6597748,-79.3960623,114.00
43.6597748,-79.3960498,114.00
43.6597748,-79.3960374,114.00
43.6597748,-79.3960249,114.00
43.6597748,-79.3960125,114.00
43.6597748,-79.3960000,114.00
43.6597748,-79.3959875,114.00
43.6597748,-79.3959751,114.00
43.6597748,-79.3959626,114.00
43.6597748,-79.3959502,114.00
43.6597748,-79.3959377,114.00
43.6597748,-79.3959253,114.00
43.6597748,-79.3959128,114.00
43.6597748,-79.3959004,114.00
43.6597748,-79.3958879,114.00
43.6597748,-79.3958755,114.00
43.6597748,-79.3958630,114.00
43.6597748,-79.3958506,114.00
43.6597748,-79.3958381,113.00
43.6597748,-79.3958257,113.00
43.6597748,-79.3958132,113.00
43.6597748,-79.3958008,113.00
43.6597748,-79.3957883,113.00
43.6597748,-79.3957758,113.00
43.6597748,-79.3957634,113.00
43.6597748,-79.3957509,113.00
43.6597748,-79.3957385,113.00
43.6597748,-79.3957260,113.00
43.6597748,-79.3957136,113.00
43.6597748,-79.3957011,113.00
43.6597838,-79.3963113,114.00
43.6597838,-79.3962989,114.00
43.6597838,-79.3962864,114.00
43.6597838,-79.3962740,114.00
43.6597838,-79.3962615,114.00
43.6597838,-79.3962491,114.00
43.6597838,-79.3962366,114.00
43.6597838,-79.3962242,114.00
43.6597838,-79.3962117,114.00
43.6597838,-79.3961992,114.00
43.6597838,-79.3961868,114.00
43.6597838,-79.3961743,114.00
43.6597838,-79.3961619,114.00
43.6597838,-79.3961494,114.00
43.6597838,-79.3961370,114.00
43.6597838,-79.3961245,114.00
43.6597838,-79.3961121,114.00
43.6597838,-79.3960996,114.00
43.6597838,-79.3960872,114.00
43.6597838,-79.3960747,114.00
43.6597838,-79.3960623,114.00
43.6597838,-79.3960498,114.00
43.6597838,-79.3960374,114.00
43.6597838,-79.3960249,114.00
43.6597838,-79.3960125,114.00
43.6597838,-79.3960000,114.00
43.6597838,-79.3959875,114.00
43.6597838,-79.3959751,114.00
43.6597838,-79.3959626,114.00
43.6597838,-79.3959502,114.00
43.6597838,-79.3959377,114.00
43.6597838,-79.3959253,114.00
43.6597838,-79.3959128,114.00
43.6597838,-79.3959004,114.00
43.6597838,-79.3958879,114.00
43.6597838,-79.3958755,114.00
43.6597838,-79.3958630,114.00
43.6597838,-79.3958506,114.00
43.6597838,-79.3958381,113.00
43.6597838,-79.3958257,113.00
43.6597838,-79.3958132,113.00
43.6597838,-79.3958008,113.00
43.6597838,-79.3957883,113.00
43.6597838,-79.3957758,113.00
43.6597838,-79.3957634,113.00
43.6597838,-79.3957509,113.00
43.6597838,-79.3957385,113.00
43.6597838,-79.3957260,113.00
43.6597838,-79.3957136,113.00
43.6597838,-79.3957011,113.00
43.6597928,-79.3963113,114.00
43.6597928,-79.3962989,114.00
43.6597928,-79.3962864,114.00
43.6597928,-79.3962740,114.00
43.6597928,-79.3962615,114.00
43.6597928,-79.3962491,114.00
43.6597928,-79.3962366,114.00
43.6597928,-79.3962242,114.00
43.6597928,-79.3962117,114.00
43.6597928,-79.3961992,114.00
43.6597928,-79.3961868,114.00
43.6597928,-79.3961743,114.00
43.6597928,-79.3961619,114.00
43.6597928,-79.3961494,114.00
43.6597928,-79.3961370,114.00
43.6597928,-79.3961245,114.00
43.6597928,-79.3961121,114.00
43.6597928,-79.3960996,114.00
43.6597928,-79.3960872,114.00
43.6597928,-79.3960747,114.00
43.6597928,-79.3960623,114.00
43.6597928,-79.3960498,114.00
43.6597928,-79.3960374,114.00
43.6597928,-79.3960249,114.00
43.6597928,-79.3960125,114.00
43.6597928,-79.3960000,114.00
43.6597928,-79.3959875,114.00
43.6597928,-79.3959751,114.00
43.6597928,-79.3959626,114.00
43.6597928,-79.3959502,114.00
43.6597928,-79.3959377,114.00
43.6597928,-79.3959253,114.00
43.6597928,-79.3959128,114.00
43.6597928,-79.3959004,114.00
43.6597928,-79.3958879,114.00
43.6597928,-79.3958755,114.00
43.6597928,-79.3958630,114.00
43.6597928,-79.3958506,114.00
43.6597928,-79.3958381,113.00
43.6597928,-79.3958257,113.00
43.6597928,-79.3958132,113.00
43.6597928,-79.3958008,113.00
43.6597928,-79.3957883,113.00
43.6597928,-79.3957758,113.00
43.6597928,-79.3957634,113.00
43.6597928,-79.3957509,113.00
43.6597928,-79.3957385,113.00
43.6597928,-79.3957260,113.00
43.6597928,-79.3957136,113.00
43.6597928,-79.3957011,113.00
43.6598018,-79.3963113,114.00
43.6598018,-79.3962989,114.00
43.6598018,-79.3962864,114.00
43.6598018,-79.3962740,114.00
43.6598018,-79.3962615,114.00
43.6598018,-79.3962491,114.00
43.6598018,-79.3962366,114.00
43.6598018,-79.3962242,114.00
43.6598018,-79.3962117,114.00
43.6598018,-79.3961992,114.00
43.6598018,-79.3961868,114.00
43.6598018,-79.3961743,114.00
43.6598018,-79.3961619,114.00
43.6598018,-79.3961494,114.00
43.6598018,-79.3961370,114.00
43.6598018,-79.3961245,114.00
43.6598018,-79.3961121,114.00
43.6598018,-79.3960996,114.00
43.6598018,-79.3960872,114.00
43.6598018,-79.3960747,114.00
43.6598018,-79.3960623,114.00
43.6598018,-79.3960498,114.00
43.6598018,-79.3960374,114.00
43.6598018,-79.3960249,114.00
43.6598018,-79.3960125,114.00
43.6598018,-79.3960000,114.00
43.6598018,-79.3959875,114.00
43.6598018,-79.3959751,114.00
43.6598018,-79.3959626,114.00
43.6598018,-79.3959502,114.00
43.6598018,-79.3959377,114.00
43.6598018,-79.3959253,114.00
43.6598018,-79.3959128,114.00
43.6598018,-79.3959004,114.00
43.6598018,-79.3958879,114.00
43.6598018,-79.3958755,114.00
43.6598018,-79.3958630,114.00
43.6598018,-79.3958506,114.00
43.6598018,-79.3958381,113.00
43.6598018,-79.3958257,113.00
43.6598018,-79.3958132,113.00
43.6598018,-79.3958008,113.00
43.6598018,-79.3957883,113.00
43.6598018,-79.3957758,113.00
43.6598018,-79.3957634,113.00
43.6598018,-79.3957509,113.00
43.6598018,-79.3957385,113.00
43.6598018,-79.3957260,113.00
43.6598018,-79.3957136,113.00
43.6598018,-79.3957011,113.00
43.6598108,-79.3963113,114.00
43.6598108,-79.3962989,114.00
43.6598108,-79.3962864,114.00
43.6598108,-79.3962740,114.00
43.6598108,-79.3962615,114.00
43.6598108,-79.3962491,114.00
43.6598108,-79.3962366,114.00
43.6598108,-79.3962242,114.00
43.6598108,-79.3962117,114.00
43.6598108,-79.3961992,114.00
43.6598108,-79.3961868,114.00
43.6598108,-79.3961743,114.00
43.6598108,-79.3961619,114.00
43.6598108,-79.3961494,114.00
43.6598108,-79.3961370,114.00
43.6598108,-79.3961245,114.00
43.6598108,-79.3961121,114.00
43.6598108,-79.3960996,114.00
43.6598108,-79.3960872,114.00
43.6598108,-79.3960747,114.00
43.6598108,-79.3960623,114.00
43.6598108,-79.3960498,114.00
43.6598108,-79.3960374,114.00
43.6598108,-79.3960249,114.00
43.6598108,-79.3960125,114.00
43.6598108,-79.3960000,114.00
43.6598108,-79.3959875,114.00
43.6598108,-79.3959751,114.00
43.6598108,-79.3959626,114.00
43.6598108,-79.3959502,114.00
43.6598108,-79.3959377,114.00
43.6598108,-79.3959253,114.00
43.6598108,-79.3959128,114.00
43.6598108,-79.3959004,114.00
43.6598108,-79.3958879,114.00
43.6598108,-79.3958755,114.00
43.6598108,-79.3958630,114.00
43.6598108,-79.3958506,114.00
43.6598108,-79.3958381,113.00
43.6598108,-79.3958257,113.00
43.6598108,-79.3958132,113.00
43.6598108,-79.3958008,113.00
43.6598108,-79.3957883,113.00
43.6598108,-79.3957758,113.00
43.6598108,-79.3957634,113.00
43.6598108,-79.3957509,113.00
43.6598108,-79.3957385,113.00
43.6598108,-79.3957260,113.00
43.6598108,-79.3957136,113.00
43.6598108,-79.3957011,113.00
43.6598198,-79.3963113,114.00
43.6598198,-79.3962989,114.00
43.6598198,-79.3962864,114.00
43.6598198,-79.3962740,114.00
43.6598198,-79.3962615,114.00
43.6598198,-79.3962491,114.00
43.6598198,-79.3962366,114.00
43.6598198,-79.3962242,114.00
43.6598198,-79.3962117,114.00
43.6598198,-79.3961992,114.00
43.6598198,-79.3961868,114.00
43.6598198,-79.3961743,114.00
43.6598198,-79.3961619,114.00
43.6598198,-79.3961494,114.00
43.6598198,-79.3961370,114.00
43.6598198,-79.3961245,114.00
43.6598198,-79.3961121,114.00
43.6598198,-79.3960996,114.00
43.6598198,-79.3960872,114.00
43.6598198,-79.3960747,114.00
43.6598198,-79.3960623,114.00
43.6598198,-79.3960498,114.00
43.6598198,-79.3960374,114.00
43.6598198,-79.3960249,114.00
43.6598198,-79.3960125,114.00
43.6598198,-79.3960000,114.00
43.6598198,-79.3959875,114.00
43.6598198,-79.3959751,114.00
43.6598198,-79.3959626,114.00
43.6598198,-79.3959502,114.00
43.6598198,-79.3959377,114.00
43.6598198,-79.3959253,114.00
43.6598198,-79.3959128,114.00
43.6598198,-79.3959004,114.00
43.6598198,-79.3958879,114.00
43.6598198,-79.3958755,114.00
43.6598198,-79.3958630,114.00
43.6598198,-79.3958506,114.00
43.6598198,-79.3958381,113.00
43.6598198,-79.3958257,113.00
43.6598198,-79.3958132,113.00
43.6598198,-79.3958008,113.00
43.6598198,-79.3957883,113.00
43.6598198,-79.3957758,113.00
43.6598198,-79.3957634,113.00
43.6598198,-79.3957509,113.00
43.6598198,-79.3957385,113.00
43.6598198,-79.3957260,113.00
43.6598198,-79.3957136,113.00
43.6598198,-79.3957011,113.00
43.6598288,-79.3963113,114.00
43.6598288,-79.3962989,114.00
43.6598288,-79.3962864,114.00
43.6598288,-79.3962740,114.00
43.6598288,-79.3962615,114.00
43.6598288,-79.3962491,114.00
43.6598288,-79.3962366,114.00
43.6598288,-79.3962242,114.00
43.6598288,-79.3962117,114.00
43.6598288,-79.3961992,114.00
43.6598288,-79.3961868,114.00
43.6598288,-79.3961743,114.00
43.6598288,-79.3961619,114.00
43.6598288,-79.3961494,114.00
43.6598288,-79.3961370,114.00
43.6598288,-79.3961245,114.00
43.6598288,-79.3961121,114.00
43.6598288,-79.3960996,114.00
43.6598288,-79.3960872,114.00
43.6598288,-79.3960747,114.00
43.6598288,-79.3960623,114.00
43.6598288,-79.3960498,114.00
43.6598288,-79.3960374,114.00
43.6598288,-79.3960249,114.00
43.6598288,-79.3960125,114.00
43.6598288,-79.3960000,114.00
43.6598288,-79.3959875,114.00
43.6598288,-79.3959751,114.00
43.6598288,-79.3959626,114.00
43.6598288,-79.3959502,114.00
43.6598288,-79.3959377,114.00
43.6598288,-79.3959253,114.00
43.6598288,-79.3959128,114.00
43.6598288,-79.3959004,114.00
43.6598288,-79.3958879,114.00
43.6598288,-79.3958755,114.00
43.6598288,-79.3958630,114.00
43.6598288,-79.3958506,114.00
43.6598288,-79.3958381,113.00
43.6598288,-79.3958257,113.00
43.6598288,-79.3958132,113.00
43.6598288,-79.3958008,113.00
43.6598288,-79.3957883,113.00
43.6598288,-79.3957758,113.00
43.6598288,-79.3957634,113.00
43.6598288,-79.3957509,113.00
43.6598288,-79.3957385,113.00
43.6598288,-79.3957260,113.00
43.6598288,-79.3957136,113.00
43.6598288,-79.3957011,113.00
43.6598378,-79.3963113,114.00
43.6598378,-79.3962989,114.00
43.6598378,-79.3962864,114.00
43.6598378,-79.3962740,114.00
43.6598378,-79.3962615,114.00
43.6598378,-79.3962491,114.00
43.6598378,-79.3962366,114.00
43.6598378,-79.3962242,114.00
43.6598378,-79.3962117,114.00
43.6598378,-79.3961992,114.00
43.6598378,-79.3961868,114.00
43.6598378,-79.3961743,114.00
43.6598378,-79.3961619,114.00
43.6598378,-79.3961494,114.00
43.6598378,-79.3961370,114.00
43.6598378,-79.3961245,114.00
43.6598378,-79.3961121,114.00
43.6598378,-79.3960996,114.00
43.6598378,-79.3960872,114.00
43.6598378,-79.3960747,114.00
43.6598378,-79.3960623,114.00
43.6598378,-79.3960498,114.00
43.6598378,-79.3960374,114.00
43.6598378,-79.3960249,114.00
43.6598378,-79.3960125,114.00
43.6598378,-79.3960000,114.00
43.6598378,-79.3959875,114.00
43.6598378,-79.3959751,114.00
43.6598378,-79.3959626,114.00
43.6598378,-79.3959502,114.00
43.6598378,-79.3959377,114.00
43.6598378,-79.3959253,114.00
43.6598378,-79.3959128,114.00
43.6598378,-79.3959004,114.00
43.6598378,-79.3958879,114.00
43.6598378,-79.3958755,114.00
43.6598378,-79.3958630,114.00
43.6598378,-79.3958506,114.00
43.6598378,-79.3958381,113.00
43.6598378,-79.3958257,113.00
43.6598378,-79.3958132,113.00
43.6598378,-79.3958008,113.00
43.6598378,-79.3957883,113.00
43.6598378,-79.3957758,113.00
43.6598378,-79.3957634,113.00
43.6598378,-79.3957509,113.00
43.6598378,-79.3957385,113.00
43.6598378,-79.3957260,113.00
43.6598378,-79.3957136,113.00
43.6598378,-79.3957011,113.00
43.6598468,-79.3963113,114.00
43.6598468,-79.3962989,114.00
43.6598468,-79.3962864,114.00
43.6598468,-79.3962740,114.00
43.6598468,-79.3962615,114.00
43.6598468,-79.3962491,114.00
43.6598468,-79.3962366,114.00
43.6598468,-79.3962242,114.00
43.6598468,-79.3962117,114.00
43.6598468,-79.3961992,114.00
43.6598468,-79.3961868,114.00
43.6598468,-79.3961743,114.00
43.6598468,-79.3961619,114.00
43.6598468,-79.3961494,114.00
43.6598468,-79.3961370,114.00
43.6598468,-79.3961245,114.00
43.6598468,-79.3961121,114.00
43.6598468,-79.3960996,114.00
43.6598468,-79.3960872,114.00
43.6598468,-79.3960747,114.00
43.6598468,-79.3960623,114.00
43.6598468,-79.3960498,114.00
43.6598468,-79.3960374,114.00
43.6598468,-79.3960249,114.00
43.6598468,-79.3960125,114.00
43.6598468,-79.3960000,114.00
43.6598468,-79.3959875,114.00
43.6598468,-79.3959751,114.00
43.6598468,-79.3959626,114.00
43.6598468,-79.3959502,114.00
43.6598468,-79.3959377,114.00
43.6598468,-79.3959253,114.00
43.6598468,-79.3959128,114.00
43.6598468,-79.3959004,114.00
43.6598468,-79.3958879,114.00
43.6598468,-79.3958755,114.00
43.6598468,-79.3958630,114.00
43.6598468,-79.3958506,114.00
43.6598468,-79.3958381,113.00
43.6598468,-79.3958257,113.00
43.6598468,-79.3958132,113.00
43.6598468,-79.3958008,113.00
43.6598468,-79.3957883,113.00
43.6598468,-79.3957758,113.00
43.6598468,-79.3957634,113.00
43.6598468,-79.3957509,113.00
43.6598468,-79.3957385,113.00
43.6598468,-79.3957260,113.00
43.6598468,-79.3957136,113.00
43.6598468,-79.3957011,113.00
43.6598559,-79.3963113,114.00
43.6598559,-79.3962989,114.00
43.6598559,-79.3962864,114.00
43.6598559,-79.3962740,114.00
43.6598559,-79.3962615,114.00
43.6598559,-79.3962491,114.00
43.6598559,-79.3962366,114.00
43.6598559,-79.3962242,114.00
43.6598559,-79.3962117,114.00
43.6598559,-79.3961992,114.00
43.6598559,-79.3961868,114.00
43.6598559,-79.3961743,114.00
43.6598559,-79.3961619,114.00
43.6598559,-79.3961494,114.00
43.6598559,-79.3961370,114.00
43.6598559,-79.3961245,114.00
43.6598559,-79.3961121,114.00
43.6598559,-79.3960996,114.00
43.6598559,-79.3960872,114.00
43.6598559,-79.3960747,114.00
43.6598559,-79.3960623,114.00
43.6598559,-79.3960498,114.00
43.6598559,-79.3960374,114.00
43.6598559,-79.3960249,114.00
43.6598559,-79.3960125,114.00
43.6598559,-79.3960000,114.00
43.6598559,-79.3959875,114.00
43.6598559,-79.3959751,114.00
43.6598559,-79.3959626,114.00
43.6598559,-79.3959502,114.00
43.6598559,-79.3959377,114.00
43.6598559,-79.3959253,114.00
43.6598559,-79.3959128,114.00
43.6598559,-79.3959004,114.00
43.6598559,-79.3958879,114.00
43.6598559,-79.3958755,114.00
43.6598559,-79.3958630,114.00
43.6598559,-79.3958506,114.00
43.6598559,-79.3958381,113.00
43.6598559,-79.3958257,113.00
43.6598559,-79.3958132,113.00
43.6598559,-79.3958008,113.00
43.6598559,-79.3957883,113.00
43.6598559,-79.3957758,113.00
43.6598559,-79.3957634,113.00
43.6598559,-79.3957509,113.00
43.6598559,-79.3957385,113.00
43.6598559,-79.3957260,113.00
43.6598559,-79.3957136,113.00
43.6598559,-79.3957011,113.00
43.6598649,-79.3963113,114.00
43.6598649,-79.3962989,114.00
43.6598649,-79.3962864,114.00
43.6598649,-79.3962740,114.00
43.6598649,-79.3962615,114.00
43.6598649,-79.3962491,114.00
43.6598649,-79.3962366,114.00
43.6598649,-79.3962242,114.00
43.6598649,-79.3962117,114.00
43.6598649,-79.3961992,114.00
43.6598649,-79.3961868,114.00
43.6598649,-79.3961743,114.00
43.6598649,-79.3961619,114.00
43.6598649,-79.3961494,114.00
43.6598649,-79.3961370,114.00
43.6598649,-79.3961245,114.00
43.6598649,-79.3961121,114.00
43.6598649,-79.3960996,114.00
43.6598649,-79.3960872,114.00
43.6598649,-79.3960747,114.00
43.6598649,-79.3960623,114.00
43.6598649,-79.3960498,114.00
43.6598649,-79.3960374,114.00
43.6598649,-79.3960249,114.00
43.6598649,-79.3960125,114.00
43.6598649,-79.3960000,114.00
43.6598649,-79.3959875,114.00
43.6598649,-79.3959751,114.00
43.6598649,-79.3959626,114.00
43.6598649,-79.3959502,114.00
43.6598649,-79.3959377,114.00
43.6598649,-79.3959253,114.00
43.6598649,-79.3959128,114.00
43.6598649,-79.3959004,114.00
43.6598649,-79.3958879,114.00
43.6598649,-79.3958755,114.00
43.6598649,-79.3958630,114.00
43.6598649,-79.3958506,114.00
43.6598649,-79.3958381,113.00
43.6598649,-79.3958257,113.00
43.6598649,-79.3958132,113.00
43.6598649,-79.3958008,113.00
43.6598649,-79.3957883,113.00
43.6598649,-79.3957758,113.00
43.6598649,-79.3957634,113.00
43.6598649,-79.3957509,113.00
43.6598649,-79.3957385,113.00
43.6598649,-79.3957260,113.00
43.6598649,-79.3957136,113.00
43.6598649,-79.3957011,113.00
43.6598739,-79.3963113,114.00
43.6598739,-79.3962989,114.00
43.6598739,-79.3962864,114.00
43.6598739,-79.3962740,114.00
43.6598739,-79.3962615,114.00
43.6598739,-79.3962491,114.00
43.6598739,-79.3962366,114.00
43.6598739,-79.3962242,114.00
43.6598739,-79.3962117,114.00
43.6598739,-79.3961992,114.00
43.6598739,-79.3961868,114.00
43.6598739,-79.3961743,114.00
43.6598739,-79.3961619,114.00
43.6598739,-79.3961494,114.00
43.6598739,-79.3961370,114.00
43.6598739,-79.3961245,114.00
43.6598739,-79.3961121,114.00
43.6598739,-79.3960996,114.00
43.6598739,-79.3960872,114.00
43.6598739,-79.3960747,114.00
43.6598739,-79.3960623,114.00
43.6598739,-79.3960498,114.00
43.6598739,-79.3960374,114.00
43.6598739,-79.3960249,114.00
43.6598739,-79.3960125,114.00
43.6598739,-79.3960000,114.00
43.6598739,-79.3959875,114.00
43.6598739,-79.3959751,114.00
43.6598739,-79.3959626,114.00
43.6598739,-79.3959502,114.00
43.6598739,-79.3959377,114.00
43.6598739,-79.3959253,114.00
43.6598739,-79.3959128,114.00
43.6598739,-79.3959004,114.00
43.6598739,-79.3958879,114.00
43.6598739,-79.3958755,114.00
43.6598739,-79.3958630,114.00
43.6598739,-79.3958506,114.00
43.6598739,-79.3958381,113.00
43.6598739,-79.3958257,113.00
43.6598739,-79.3958132,113.00
43.6598739,-79.3958008,113.00
43.6598739,-79.3957883,113.00
43.6598739,-79.3957758,113.00
43.6598739,-79.3957634,113.00
43.6598739,-79.3957509,113.00
43.6598739,-79.3957385,113.00
43.6598739,-79.3957260,113.00
43.6598739,-79.3957136,113.00
43.6598739,-79.3957011,113.00
43.6598829,-79.3963113,114.00
43.6598829,-79.3962989,114.00
43.6598829,-79.3962864,114.00
43.6598829,-79.3962740,114.00
43.6598829,-79.3962615,114.00
43.6598829,-79.3962491,114.00
43.6598829,-79.3962366,114.00
43.6598829,-79.3962242,114.00
43.6598829,-79.3962117,114.00
43.6598829,-79.3961992,114.00
43.6598829,-79.3961868,114.00
43.6598829,-79.3961743,114.00
43.6598829,-79.3961619,114.00
43.6598829,-79.3961494,114.00
43.6598829,-79.3961370,114.00
43.6598829,-79.3961245,114.00
43.6598829,-79.3961121,114.00
43.6598829,-79.3960996,114.00
43.6598829,-79.3960872,114.00
43.6598829,-79.3960747,114.00
43.6598829,-79.3960623,114.00
43.6598829,-79.3960498,114.00
43.6598829,-79.3960374,114.00
43.6598829,-79.3960249,114.00
43.6598829,-79.3960125,114.00
43.6598829,-79.3960000,114.00
43.6598829,-79.3959875,114.00
43.6598829,-79.3959751,114.00
43.6598829,-79.3959626,114.00
43.6598829,-79.3959502,114.00
43.6598829,-79.3959377,114.00
43.6598829,-79.3959253,114.00
43.6598829,-79.3959128,114.00
43.6598829,-79.3959004,114.00
43.6598829,-79.3958879,114.00
43.6598829,-79.3958755,114.00
43.6598829,-79.3958630,114.00
43.6598829,-79.3958506,114.00
43.6598829,-79.3958381,113.00
43.6598829,-79.3958257,113.00
43.6598829,-79.3958132,113.00
43.6598829,-79.3958008,113.00
43.6598829,-79.3957883,113.00
43.6598829,-79.3957758,113.00
43.6598829,-79.3957634,113.00
43.6598829,-79.3957509,113.00
43.6598829,-79.3957385,113.00
43.6598829,-79.3957260,113.00
43.6598829,-79.3957136,113.00
43.6598829,-79.3957011,113.00
43.6598919,-79.3963113,114.00
43.6598919,-79.3962989,114.00
43.6598919,-79.3962864,114.00
43.6598919,-79.3962740,114.00
43.6598919,-79.3962615,114.00
43.6598919,-79.3962491,114.00
43.6598919,-79.3962366,114.00
43.6598919,-79.3962242,114.00
43.6598919,-79.3962117,114.00
43.6598919,-79.3961992,114.00
43.6598919,-79.3961868,114.00
43.6598919,-79.3961743,114.00
43.6598919,-79.3961619,114.00
43.6598919,-79.3961494,114.00
43.6598919,-79.3961370,114.00
43.6598919,-79.3961245,114.00
43.6598919,-79.3961121,114.00
43.6598919,-79.3960996,114.00
43.6598919,-79.3960872,114.00
43.6598919,-79.3960747,114.00
43.6598919,-79.3960623,114.00
43.6598919,-79.3960498,114.00
43.6598919,-79.3960374,114.00
43.6598919,-79.3960249,114.00
43.6598919,-79.3960125,114.00
43.6598919,-79.3960000,114.00
43.6598919,-79.3959875,114.00
43.6598919,-79.3959751,114.00
43.6598919,-79.3959626,114.00
43.6598919,-79.3959502,114.00
43.6598919,-79.3959377,114.00
43.6598919,-79.3959253,114.00
43.6598919,-79.3959128,114.00
43.6598919,-79.3959004,114.00
43.6598919,-79.3958879,114.00
43.6598919,-79.3958755,114.00
43.6598919,-79.3958630,114.00
43.6598919,-79.3958506,114.00
43.6598919,-79.3958381,113.00
43.6598919,-79.3958257,113.00
43.6598919,-79.3958132,113.00
43.6598919,-79.3958008,113.00
43.6598919,-79.3957883,113.00
43.6598919,-79.3957758,113.00
43.6598919,-79.3957634,113.00
43.6598919,-79.3957509,113.00
43.6598919,-79.3957385,113.00
43.6598919,-79.3957260,113.00
43.6598919,-79.3957136,113.00
43.6598919,-79.3957011,113.00
43.6599009,-79.3963113,114.00
43.6599009,-79.3962989,114.00
43.6599009,-79.3962864,114.00
43.6599009,-79.3962740,114.00
43.6599009,-79.3962615,114.00
43.6599009,-79.3962491,114.00
43.6599009,-79.3962366,114.00
43.6599009,-79.3962242,114.00
43.6599009,-79.3962117,114.00
43.6599009,-79.3961992,114.00
43.6599009,-79.3961868,114.00
43.6599009,-79.3961743,114.00
43.6599009,-79.3961619,114.00
43.6599009,-79.3961494,114.00
43.6599009,-79.3961370,114.00
43.6599009,-79.3961245,114.00
43.6599009,-79.3961121,114.00
43.6599009,-79.3960996,114.00
43.6599009,-79.3960872,114.00
43.6599009,-79.3960747,114.00
43.6599009,-79.3960623,114.00
43.6599009,-79.3960498,114.00
43.6599009,-79.3960374,114.00
43.6599009,-79.3960249,114.00
43.6599009,-79.3960125,114.00
43.6599009,-79.3960000,114.00
43.6599009,-79.3959875,114.00
43.6599009,-79.3959751,114.00
43.6599009,-79.3959626,114.00
43.6599009,-79.3959502,114.00
43.6599009,-79.3959377,114.00
43.6599009,-79.3959253,114.00
43.6599009,-79.3959128,114.00
43.6599009,-79.3959004,114.00
43.6599009,-79.3958879,114.00
43.6599009,-79.3958755,114.00
43.6599009,-79.3958630,114.00
43.6599009,-79.3958506,114.00
43.6599009,-79.3958381,113.00
43.6599009,-79.3958257,113.00
43.6599009,-79.3958132,113.00
43.6599009,-79.3958008,113.00
43.6599009,-79.3957883,113.00
43.6599009,-79.3957758,113.00
43.6599009,-79.3957634,113.00
43.6599009,-79.3957509,113.00
43.6599009,-79.3957385,113.00
43.6599009,-79.3957260,113.00
43.6599009,-79.3957136,113.00
43.6599009,-79.3957011,113.00
43.6599099,-79.3963113,114.00
43.6599099,-79.3962989,114.00
43.6599099,-79.3962864,114.00
43.6599099,-79.3962740,114.00
43.6599099,-79.3962615,114.00
43.6599099,-79.3962491,114.00
43.6599099,-79.3962366,114.00
43.6599099,-79.3962242,114.00
43.6599099,-79.3962117,114.00
43.6599099,-79.3961992,114.00
43.6599099,-79.3961868,114.00
43.6599099,-79.3961743,114.00
43.6599099,-79.3961619,114.00
43.6599099,-79.3961494,114.00
43.6599099,-79.3961370,114.00
43.6599099,-79.3961245,114.00
43.6599099,-79.3961121,114.00
43.6599099,-79.3960996,114.00
43.6599099,-79.3960872,114.00
43.6599099,-79.3960747,114.00
43.6599099,-79.3960623,114.00
43.6599099,-79.3960498,114.00
43.6599099,-79.3960374,114.00
43.6599099,-79.3960249,114.00
43.6599099,-79.3960125,114.00
43.6599099,-79.3960000,114.00
43.6599099,-79.3959875,114.00
43.6599099,-79.3959751,114.00
43.6599099,-79.3959626,114.00
43.6599099,-79.3959502,114.00
43.6599099,-79.3959377,114.00
43.6599099,-79.3959253,114.00
43.6599099,-79.3959128,114.00
43.6599099,-79.3959004,114.00
43.6599099,-79.3958879,114.00
43.6599099,-79.3958755,114.00
43.6599099,-79.3958630,114.00
43.6599099,-79.3958506,114.00
43.6599099,-79.3958381,113.00
43.6599099,-79.3958257,113.00
43.6599099,-79.3958132,113.00
43.6599099,-79.3958008,113.00
43.6599099,-79.3957883,113.00
43.6599099,-79.3957758,113.00
43.6599099,-79.3957634,113.00
43.6599099,-79.3957509,113.00
43.6599099,-79.3957385,113.00
43.6599099,-79.3957260,113.00
43.6599099,-79.3957136,113.00
43.6599099,-79.3957011,113.00
43.6599189,-79.3963113,114.00
43.6599189,-79.3962989,114.00
43.6599189,-79.3962864,114.00
43.6599189,-79.3962740,114.00
43.6599189,-79.3962615,114.00
43.6599189,-79.3962491,114.00
43.6599189,-79.3962366,114.00
43.6599189,-79.3962242,114.00
43.6599189,-79.3962117,114.00
43.6599189,-79.3961992,114.00
43.6599189,-79.3961868,114.00
43.6599189,-79.3961743,114.00
43.6599189,-79.3961619,114.00
43.6599189,-79.3961494,114.00
43.6599189,-79.3961370,114.00
43.6599189,-79.3961245,114.00
43.6599189,-79.3961121,114.00
43.6599189,-79.3960996,114.00
43.6599189,-79.3960872,114.00
43.6599189,-79.3960747,114.00
43.6599189,-79.3960623,114.00
43.6599189,-79.3960498,114.00
43.6599189,-79.3960374,114.00
43.6599189,-79.3960249,114.00
43.6599189,-79.3960125,114.00
43.6599189,-79.3960000,114.00
43.6599189,-79.3959875,114.00
43.6599189,-79.3959751,114.00
43.6599189,-79.3959626,114.00
43.6599189,-79.3959502,114.00
43.6599189,-79.3959377,114.00
43.6599189,-79.3959253,114.00
43.6599189,-79.3959128,114.00
43.6599189,-79.3959004,114.00
43.6599189,-79.3958879,114.00
43.6599189,-79.3958755,114.00
43.6599189,-79.3958630,114.00
43.6599189,-79.3958506,114.00
43.6599189,-79.3958381,113.00
43.6599189,-79.3958257,113.00
43.6599189,-79.3958132,113.00
43.6599189,-79.3958008,113.00
43.6599189,-79.3957883,113.00
43.6599189,-79.3957758,113.00
43.6599189,-79.3957634,113.00
43.6599189,-79.3957509,113.00
43.6599189,-79.3957385,113.00
43.6599189,-79.3957260,113.00
43.6599189,-79.3957136,113.00
43.6599189,-79.3957011,113.00
43.6599279,-79.3963113,114.00
43.6599279,-79.3962989,114.00
43.6599279,-79.3962864,114.00
43.6599279,-79.3962740,114.00
43.6599279,-79.3962615,114.00
43.6599279,-79.3962491,114.00
43.6599279,-79.3962366,114.00
43.6599279,-79.3962242,114.00
43.6599279,-79.3962117,114.00
43.6599279,-79.3961992,114.00
43.6599279,-79.3961868,114.00
43.6599279,-79.3961743,114.00
43.6599279,-79.3961619,114.00
43.6599279,-79.3961494,114.00
43.6599279,-79.3961370,114.00
43.6599279,-79.3961245,114.00
43.6599279,-79.3961121,114.00
43.6599279,-79.3960996,114.00
43.6599279,-79.3960872,114.00
43.6599279,-79.3960747,114.00
43.6599279,-79.3960623,114.00
43.6599279,-79.3960498,114.00
43.6599279,-79.3960374,114.00
43.6599279,-79.3960249,114.00
43.6599279,-79.3960125,114.00
43.6599279,-79.3960000,114.00
43.6599279,-79.3959875,114.00
43.6599279,-79.3959751,114.00
43.6599279,-79.3959626,114.00
43.6599279,-79.3959502,114.00
43.6599279,-79.3959377,114.00
43.6599279,-79.3959253,114.00
43.6599279,-79.3959128,114.00
43.6599279,-79.3959004,114.00
43.6599279,-79.3958879,114.00
43.6599279,-79.3958755,114.00
43.6599279,-79.3958630,114.00
43.6599279,-79.3958506,114.00
43.6599279,-79.3958381,113.00
43.6599279,-79.3958257,113.00
43.6599279,-79.3958132,113.00
43.6599279,-79.3958008,113.00
43.6599279,-79.3957883,113.00
43.6599279,-79.3957758,113.00
43.6599279,-79.3957634,113.00
43.6599279,-79.3957509,113.00
43.6599279,-79.3957385,113.00
43.6599279,-79.3957260,113.00
43.6599279,-79.3957136,113.00
43.6599279,-79.3957011,113.00
43.6599369,-79.3963113,114.00
43.6599369,-79.3962989,114.00
43.6599369,-79.3962864,114.00
43.6599369,-79.3962740,114.00
43.6599369,-79.3962615,114.00
43.6599369,-79.3962491,114.00
43.6599369,-79.3962366,114.00
43.6599369,-79.3962242,114.00
43.6599369,-79.3962117,114.00
43.6599369,-79.3961992,114.00
43.6599369,-79.3961868,114.00
43.6599369,-79.3961743,114.00
43.6599369,-79.3961619,114.00
43.6599369,-79.3961494,114.00
43.6599369,-79.3961370,114.00
43.6599369,-79.3961245,114.00
43.6599369,-79.3961121,114.00
43.6599369,-79.3960996,114.00
43.6599369,-79.3960872,114.00
43.6599369,-79.3960747,114.00
43.6599369,-79.3960623,114.00
43.6599369,-79.3960498,114.00
43.6599369,-79.3960374,114.00
43.6599369,-79.3960249,114.00
43.6599369,-79.3960125,114.00
43.6599369,-79.3960000,114.00
43.6599369,-79.3959875,114.00
43.6599369,-79.3959751,114.00
43.6599369,-79.3959626,114.00
43.6599369,-79.3959502,114.00
43.6599369,-79.3959377,114.00
43.6599369,-79.3959253,114.00
43.6599369,-79.3959128,114.00
43.6599369,-79.3959004,114.00
43.6599369,-79.3958879,114.00
43.6599369,-79.3958755,114.00
43.6599369,-79.3958630,114.00
43.6599369,-79.3958506,114.00
43.6599369,-79.3958381,113.00
43.6599369,-79.3958257,113.00
43.6599369,-79.3958132,113.00
43.6599369,-79.3958008,113.00
43.6599369,-79.3957883,113.00
43.6599369,-79.3957758,113.00
43.6599369,-79.3957634,113.00
43.6599369,-79.3957509,113.00
43.6599369,-79.3957385,113.00
43.6599369,-79.3957260,113.00
43.6599369,-79.3957136,113.00
43.6599369,-79.3957011,113.00
43.6599459,-79.3963113,114.00
43.6599459,-79.3962989,114.00
43.6599459,-79.3962864,114.00
43.6599459,-79.3962740,114.00
43.6599459,-79.3962615,114.00
43.6599459,-79.3962491,114.00
43.6599459,-79.3962366,114.00
43.6599459,-79.3962242,114.00
43.6599459,-79.3962117,114.00
43.6599459,-79.3961992,114.00
43.6599459,-79.3961868,114.00
43.6599459,-79.3961743,114.00
43.6599459,-79.3961619,114.00
43.6599459,-79.3961494,114.00
43.6599459,-79.3961370,114.00
43.6599459,-79.3961245,114.00
43.6599459,-79.3961121,114.00
43.6599459,-79.3960996,114.00
43.6599459,-79.3960872,114.00
43.6599459,-79.3960747,114.00
43.6599459,-79.3960623,114.00
43.6599459,-79.3960498,114.00
43.6599459,-79.3960374,114.00
43.6599459,-79.3960249,114.00
43.6599459,-79.3960125,114.00
43.6599459,-79.3960000,114.00
43.6599459,-79.3959875,114.00
43.6599459,-79.3959751,114.00
43.6599459,-79.3959626,114.00
43.6599459,-79.3959502,114.00
43.6599459,-79.3959377,114.00
43.6599459,-79.3959253,114.00
43.6599459,-79.3959128,114.00
43.6599459,-79.3959004,114.00
43.6599459,-79.3958879,114.00
43.6599459,-79.3958755,114.00
43.6599459,-79.3958630,114.00
43.6599459,-79.3958506,114.00
43.6599459,-79.3958381,113.00
43.6599459,-79.3958257,113.00
43.6599459,-79.3958132,113.00
43.6599459,-79.3958008,113.00
43.6599459,-79.3957883,113.00
43.6599459,-79.3957758,113.00
43.6599459,-79.3957634,113.00
43.6599459,-79.3957509,113.00
43.6599459,-79.3957385,113.00
43.6599459,-79.3957260,113.00
43.6599459,-79.3957136,113.00
43.6599459,-79.3957011,113.00
43.6599550,-79.3963113,114.00
43.6599550,-79.3962989,114.00
43.6599550,-79.3962864,114.00
43.6599550,-79.3962740,114.00
43.6599550,-79.3962615,114.00
43.6599550,-79.3962491,114.00
43.6599550,-79.3962366,114.00
43.6599550,-79.3962242,114.00
43.6599550,-79.3962117,114.00
43.6599550,-79.3961992,114.00
43.6599550,-79.3961868,114.00
43.6599550,-79.3961743,114.00
43.6599550,-79.3961619,114.00
43.6599550,-79.3961494,114.00
43.6599550,-79.3961370,114.00
43.6599550,-79.3961245,114.00
43.6599550,-79.3961121,114.00
43.6599550,-79.3960996,114.00
43.6599550,-79.3960872,114.00
43.6599550,-79.3960747,114.00
43.6599550,-79.3960623,114.00
43.6599550,-79.3960498,114.00
43.6599550,-79.3960374,114.00
43.6599550,-79.3960249,114.00
43.6599550,-79.3960125,114.00
43.6599550,-79.3960000,114.00
43.6599550,-79.3959875,114.00
43.6599550,-79.3959751,114.00
43.6599550,-79.3959626,114.00
43.6599550,-79.3959502,114.00
43.6599550,-79.3959377,114.00
43.6599550,-79.3959253,114.00
43.6599550,-79.3959128,114.00
43.6599550,-79.3959004,114.00
43.6599550,-79.3958879,114.00
43.6599550,-79.3958755,114.00
43.6599550,-79.3958630,114.00
43.6599550,-79.3958506,114.00
43.6599550,-79.3958381,113.00
43.6599550,-79.3958257,113.00
43.6599550,-79.3958132,113.00
43.6599550,-79.3958008,113.00
43.6599550,-79.3957883,113.00
43.6599550,-79.3957758,113.00
43.6599550,-79.3957634,113.00
43.6599550,-79.3957509,113.00
43.6599550,-79.3957385,113.00
43.6599550,-79.3957260,113.00
43.6599550,-79.3957136,113.00
43.6599550,-79.3957011,113.00
43.6599640,-79.3963113,114.00
43.6599640,-79.3962989,114.00
43.6599640,-79.3962864,114.00
43.6599640,-79.3962740,114.00
43.6599640,-79.3962615,114.00
43.6599640,-79.3962491,114.00
43.6599640,-79.3962366,114.00
43.6599640,-79.3962242,114.00
43.6599640,-79.3962117,114.00
43.6599640,-79.3961992,114.00
43.6599640,-79.3961868,114.00
43.6599640,-79.3961743,114.00
43.6599640,-79.3961619,114.00
43.6599640,-79.3961494,114.00
43.6599640,-79.3961370,114.00
43.6599640,-79.3961245,114.00
43.6599640,-79.3961121,114.00
43.6599640,-79.3960996,114.00
43.6599640,-79.3960872,114.00
43.6599640,-79.3960747,114.00
43.6599640,-79.3960623,114.00
43.6599640,-79.3960498,114.00
43.6599640,-79.3960374,114.00
43.6599640,-79.3960249,114.00
43.6599640,-79.3960125,114.00
43.6599640,-79.3960000,114.00
43.6599640,-79.3959875,114.00
43.6599640,-79.3959751,114.00
43.6599640,-79.3959626,114.00
43.6599640,-79.3959502,114.00
43.6599640,-79.3959377,114.00
43.6599640,-79.3959253,114.00
43.6599640,-79.3959128,114.00
43.6599640,-79.3959004,114.00
43.6599640,-79.3958879,114.00
43.6599640,-79.3958755,114.00
43.6599640,-79.3958630,114.00
43.6599640,-79.3958506,114.00
43.6599640,-79.3958381,113.00
43.6599640,-79.3958257,113.00
43.6599640,-79.3958132,113.00
43.6599640,-79.3958008,113.00
43.6599640,-79.3957883,113.00
43.6599640,-79.3957758,113.00
43.6599640,-79.3957634,113.00
43.6599640,-79.3957509,113.00
43.6599640,-79.3957385,113.00
43.6599640,-79.3957260,113.00
43.6599640,-79.3957136,113.00
43.6599640,-79.3957011,113.00
43.6599730,-79.3963113,114.00
43.6599730,-79.3962989,114.00
43.6599730,-79.3962864,114.00
43.6599730,-79.3962740,114.00
43.6599730,-79.3962615,114.00
43.6599730,-79.3962491,114.00
43.6599730,-79.3962366,114.00
43.6599730,-79.3962242,114.00
43.6599730,-79.3962117,114.00
43.6599730,-79.3961992,114.00
43.6599730,-79.3961868,114.00
43.6599730,-79.3961743,114.00
43.6599730,-79.3961619,114.00
43.6599730,-79.3961494,114.00
43.6599730,-79.3961370,114.00
43.6599730,-79.3961245,114.00
43.6599730,-79.3961121,114.00
43.6599730,-79.3960996,114.00
43.6599730,-79.3960872,114.00
43.6599730,-79.3960747,114.00
43.6599730,-79.3960623,114.00
43.6599730,-79.3960498,114.00
43.6599730,-79.3960374,114.00
43.6599730,-79.3960249,114.00
43.6599730,-79.3960125,114.00
43.6599730,-79.3960000,114.00
43.6599730,-79.3959875,114.00
43.6599730,-79.3959751,114.00
43.6599730,-79.3959626,114.00
43.6599730,-79.3959502,114.00
43.6599730,-79.3959377,114.00
43.6599730,-79.3959253,114.00
43.6599730,-79.3959128,114.00
43.6599730,-79.3959004,114.00
43.6599730,-79.3958879,114.00
43.6599730,-79.3958755,114.00
43.6599730,-79.3958630,114.00
43.6599730,-79.3958506,114.00
43.6599730,-79.3958381,113.00
43.6599730,-79.3958257,113.00
43.6599730,-79.3958132,113.00
43.6599730,-79.3958008,113.00
43.6599730,-79.3957883,113.00
43.6599730,-79.3957758,113.00
43.6599730,-79.3957634,113.00
43.6599730,-79.3957509,113.00
43.6599730,-79.3957385,113.00
43.6599730,-79.3957260,113.00
43.6599730,-79.3957136,113.00
43.6599730,-79.3957011,113.00
43.6599820,-79.3963113,114.00
43.6599820,-79.3962989,114.00
43.6599820,-79.3962864,114.00
43.6599820,-79.3962740,114.00
43.6599820,-79.3962615,114.00
43.6599820,-79.3962491,114.00
43.6599820,-79.3962366,114.00
43.6599820,-79.3962242,114.00
43.6599820,-79.3962117,114.00
43.6599820,-79.3961992,114.00
43.6599820,-79.3961868,114.00
43.6599820,-79.3961743,114.00
43.6599820,-79.3961619,114.00
43.6599820,-79.3961494,114.00
43.6599820,-79.3961370,114.00
43.6599820,-79.3961245,114.00
43.6599820,-79.3961121,114.00
43.6599820,-79.3960996,114.00
43.6599820,-79.3960872,114.00
43.6599820,-79.3960747,114.00
43.6599820,-79.3960623,114.00
43.6599820,-79.3960498,114.00
43.6599820,-79.3960374,114.00
43.6599820,-79.3960249,114.00
43.6599820,-79.3960125,114.00
43.6599820,-79.3960000,114.00
43.6599820,-79.3959875,114.00
43.6599820,-79.3959751,114.00
43.6599820,-79.3959626,114.00
43.6599820,-79.3959502,114.00
43.6599820,-79.3959377,114.00
43.6599820,-79.3959253,114.00
43.6599820,-79.3959128,114.00
43.6599820,-79.3959004,114.00
43.6599820,-79.3958879,114.00
43.6599820,-79.3958755,114.00
43.6599820,-79.3958630,114.00
43.6599820,-79.3958506,114.00
43.6599820,-79.3958381,113.00
43.6599820,-79.3958257,113.00
43.6599820,-79.3958132,113.00
43.6599820,-79.3958008,113.00
43.6599820,-79.3957883,113.00
43.6599820,-79.3957758,113.00
43.6599820,-79.3957634,113.00
43.6599820,-79.3957509,113.00
43.6599820,-79.3957385,113.00
43.6599820,-79.3957260,113.00
43.6599820,-79.3957136,113.00
43.6599820,-79.3957011,113.00
43.6599910,-79.3963113,112.00
43.6599910,-79.3962989,112.00
43.6599910,-79.3962864,112.00
43.6599910,-79.3962740,112.00
43.6599910,-79.3962615,112.00
43.6599910,-79.3962491,112.00
43.6599910,-79.3962366,112.00
43.6599910,-79.3962242,112.00
43.6599910,-79.3962117,112.00
43.6599910,-79.3961992,112.00
43.6599910,-79.3961868,112.00
43.6599910,-79.3961743,112.00
43.6599910,-79.3961619,112.00
43.6599910,-79.3961494,112.00
43.6599910,-79.3961370,112.00
43.6599910,-79.3961245,112.00
43.6599910,-79.3961121,112.00
43.6599910,-79.3960996,112.00
43.6599910,-79.3960872,112.00
43.6599910,-79.3960747,112.00
43.6599910,-79.3960623,112.00
43.6599910,-79.3960498,112.00
43.6599910,-79.3960374,112.00
43.6599910,-79.3960249,112.00
43.6599910,-79.3960125,112.00
43.6599910,-79.3960000,112.00
43.6599910,-79.3959875,112.00
43.6599910,-79.3959751,112.00
43.6599910,-79.3959626,112.00
43.6599910,-79.3959502,112.00
43.6599910,-79.3959377,112.00
43.6599910,-79.3959253,112.00
43.6599910,-79.3959128,112.00
43.6599910,-79.3959004,112.00
43.6599910,-79.3958879,112.00
43.6599910,-79.3958755,112.00
43.6599910,-79.3958630,112.00
43.6599910,-79.3958506,112.00
43.6599910,-79.3958381,115.00
43.6599910,-79.3958257,115.00
43.6599910,-79.3958132,115.00
43.6599910,-79.3958008,115.00
43.6599910,-79.3957883,115.00
43.6599910,-79.3957758,115.00
43.6599910,-79.3957634,115.00
43.6599910,-79.3957509,115.00
43.6599910,-79.3957385,115.00
43.6599910,-79.3957260,115.00
43.6599910,-79.3957136,115.00
43.6599910,-79.3957011,115.00
43.6600000,-79.3963113,112.00
43.6600000,-79.3962989,112.00
43.6600000,-79.3962864,112.00
43.6600000,-79.3962740,112.00
43.6600000,-79.3962615,112.00
43.6600000,-79.3962491,112.00
43.6600000,-79.3962366,112.00
43.6600000,-79.3962242,112.00
43.6600000,-79.3962117,112.00
43.6600000,-79.3961992,112.00
43.6600000,-79.3961868,112.00
43.6600000,-79.3961743,112.00
43.6600000,-79.3961619,112.00
43.6600000,-79.3961494,112.00
43.6600000,-79.3961370,112.00
43.6600000,-79.3961245,112.00
43.6600000,-79.3961121,112.00
43.6600000,-79.3960996,112.00
43.6600000,-79.3960872,112.00
43.6600000,-79.3960747,112.00
43.6600000,-79.3960623,112.00
43.6600000,-79.3960498,112.00
43.6600000,-79.3960374,112.00
43.6600000,-79.3960249,112.00
43.6600000,-79.3960125,112.00
43.6600000,-79.3960000,112.00
43.6600000,-79.3959875,112.00
43.6600000,-79.3959751,112.00
43.6600000,-79.3959626,112.00
43.6600000,-79.3959502,112.00
43.6600000,-79.3959377,112.00
43.6600000,-79.3959253,112.00
43.6600000,-79.3959128,112.00
43.6600000,-79.3959004,112.00
43.6600000,-79.3958879,112.00
43.6600000,-79.3958755,112.00
43.6600000,-79.3958630,112.00
43.6600000,-79.3958506,112.00
43.6600000,-79.3958381,115.00
43.6600000,-79.3958257,115.00
43.6600000,-79.3958132,115.00
43.6600000,-79.3958008,115.00
43.6600000,-79.3957883,115.00
43.6600000,-79.3957758,115.00
43.6600000,-79.3957634,115.00
43.6600000,-79.3957509,115.00
43.6600000,-79.3957385,115.00
43.6600000,-79.3957260,115.00
43.6600000,-79.3957136,115.00
43.6600000,-79.3957011,115.00
43.6600090,-79.3963113,112.00
43.6600090,-79.3962989,112.00
43.6600090,-79.3962864,112.00
43.6600090,-79.3962740,112.00
43.6600090,-79.3962615,112.00
43.6600090,-79.3962491,112.00
43.6600090,-79.3962366,112.00
43.6600090,-79.3962242,112.00
43.6600090,-79.3962117,112.00
43.6600090,-79.3961992,112.00
43.6600090,-79.3961868,112.00
43.6600090,-79.3961743,112.00
43.6600090,-79.3961619,112.00
43.6600090,-79.3961494,112.00
43.6600090,-79.3961370,112.00
43.6600090,-79.3961245,112.00
43.6600090,-79.3961121,112.00
43.6600090,-79.3960996,112.00
43.6600090,-79.3960872,112.00
43.6600090,-79.3960747,112.00
43.6600090,-79.3960623,112.00
43.6600090,-79.3960498,112.00
43.6600090,-79.3960374,112.00
43.6600090,-79.3960249,112.00
43.6600090,-79.3960125,112.00
43.6600090,-79.3960000,112.00
43.6600090,-79.3959875,112.00
43.6600090,-79.3959751,112.00
43.6600090,-79.3959626,112.00
43.6600090,-79.3959502,112.00
43.6600090,-79.3959377,112.00
43.6600090,-79.3959253,112.00
43.6600090,-79.3959128,112.00
43.6600090,-79.3959004,112.00
43.6600090,-79.3958879,112.00
43.6600090,-79.3958755,112.00
43.6600090,-79.3958630,112.00
43.6600090,-79.3958506,112.00
43.6600090,-79.3958381,115.00
43.6600090,-79.3958257,115.00
43.6600090,-79.3958132,115.00
43.6600090,-79.3958008,115.00
43.6600090,-79.3957883,115.00
43.6600090,-79.3957758,115.00
43.6600090,-79.3957634,115.00
43.6600090,-79.3957509,115.00
43.6600090,-79.3957385,115.00
43.6600090,-79.3957260,115.00
43.6600090,-79.3957136,115.00
43.6600090,-79.3957011,115.00
43.6600180,-79.3963113,112.00
43.6600180,-79.3962989,112.00
43.6600180,-79.3962864,112.00
43.6600180,-79.3962740,112.00
43.6600180,-79.3962615,112.00
43.6600180,-79.3962491,112.00
43.6600180,-79.3962366,112.00
43.6600180,-79.3962242,112.00
43.6600180,-79.3962117,112.00
43.6600180,-79.3961992,112.00
43.6600180,-79.3961868,112.00
43.6600180,-79.3961743,112.00
43.6600180,-79.3961619,112.00
43.6600180,-79.3961494,112.00
43.6600180,-79.3961370,112.00
43.6600180,-79.3961245,112.00
43.6600180,-79.3961121,112.00
43.6600180,-79.3960996,112.00
43.6600180,-79.3960872,112.00
43.6600180,-79.3960747,112.00
43.6600180,-79.3960623,112.00
43.6600180,-79.3960498,112.00
43.6600180,-79.3960374,112.00
43.6600180,-79.3960249,112.00
43.6600180,-79.3960125,112.00
43.6600180,-79.3960000,112.00
43.6600180,-79.3959875,112.00
43.6600180,-79.3959751,112.00
43.6600180,-79.3959626,112.00
43.6600180,-79.3959502,112.00
43.6600180,-79.3959377,112.00
43.6600180,-79.3959253,112.00
43.6600180,-79.3959128,112.00
43.6600180,-79.3959004,112.00
43.6600180,-79.3958879,112.00
43.6600180,-79.3958755,112.00
43.6600180,-79.3958630,112.00
43.6600180,-79.3958506,112.00
43.6600180,-79.3958381,115.00
43.6600180,-79.3958257,115.00
43.6600180,-79.3958132,115.00
43.6600180,-79.3958008,115.00
43.6600180,-79.3957883,115.00
43.6600180,-79.3957758,115.00
43.6600180,-79.3957634,115.00
43.6600180,-79.3957509,115.00
43.6600180,-79.3957385,115.00
43.6600180,-79.3957260,115.00
43.6600180,-79.3957136,115.00
43.6600180,-79.3957011,115.00
43.6600270,-79.3963113,112.00
43.6600270,-79.3962989,112.00
43.6600270,-79.3962864,112.00
43.6600270,-79.3962740,112.00
43.6600270,-79.3962615,112.00
43.6600270,-79.3962491,112.00
43.6600270,-79.3962366,112.00
43.6600270,-79.3962242,112.00
43.6600270,-79.3962117,112.00
43.6600270,-79.3961992,112.00
43.6600270,-79.3961868,112.00
43.6600270,-79.3961743,112.00
43.6600270,-79.3961619,112.00
43.6600270,-79.3961494,112.00
43.6600270,-79.3961370,112.00
43.6600270,-79.3961245,112.00
43.6600270,-79.3961121,112.00
43.6600270,-79.3960996,112.00
43.6600270,-79.3960872,112.00
43.6600270,-79.3960747,112.00
43.6600270,-79.3960623,112.00
43.6600270,-79.3960498,112.00
43.6600270,-79.3960374,112.00
43.6600270,-79.3960249,112.00
43.6600270,-79.3960125,112.00
43.6600270,-79.3960000,112.00
43.6600270,-79.3959875,112.00
43.6600270,-79.3959751,112.00
43.6600270,-79.3959626,112.00
43.6600270,-79.3959502,112.00
43.6600270,-79.3959377,112.00
43.6600270,-79.3959253,112.00
43.6600270,-79.3959128,112.00
43.6600270,-79.3959004,112.00
43.6600270,-79.3958879,112.00
43.6600270,-79.3958755,112.00
43.6600270,-79.3958630,112.00
43.6600270,-79.3958506,112.00
43.6600270,-79.3958381,115.00
43.6600270,-79.3958257,115.00
43.6600270,-79.3958132,115.00
43.6600270,-79.3958008,115.00
43.6600270,-79.3957883,115.00
43.6600270,-79.3957758,115.00
43.6600270,-79.3957634,115.00
43.6600270,-79.3957509,115.00
43.6600270,-79.3957385,115.00
43.6600270,-79.3957260,115.00
43.6600270,-79.3957136,115.00
43.6600270,-79.3957011,115.00
43.6600360,-79.3963113,112.00
43.6600360,-79.3962989,112.00
43.6600360,-79.3962864,112.00
43.6600360,-79.3962740,112.00
43.6600360,-79.3962615,112.00
43.6600360,-79.3962491,112.00
43.6600360,-79.3962366,112.00
43.6600360,-79.3962242,112.00
43.6600360,-79.3962117,112.00
43.6600360,-79.3961992,112.00
43.6600360,-79.3961868,112.00
43.6600360,-79.3961743,112.00
43.6600360,-79.3961619,112.00
43.6600360,-79.3961494,112.00
43.6600360,-79.3961370,112.00
43.6600360,-79.3961245,112.00
43.6600360,-79.3961121,112.00
43.6600360,-79.3960996,112.00
43.6600360,-79.3960872,112.00
43.6600360,-79.3960747,112.00
43.6600360,-79.3960623,112.00
43.6600360,-79.3960498,112.00
43.6600360,-79.3960374,112.00
43.6600360,-79.3960249,112.00
43.6600360,-79.3960125,112.00
43.6600360,-79.3960000,112.00
43.6600360,-79.3959875,112.00
43.6600360,-79.3959751,112.00
43.6600360,-79.3959626,112.00
43.6600360,-79.3959502,112.00
43.6600360,-79.3959377,112.00
43.6600360,-79.3959253,112.00
43.6600360,-79.3959128,112.00
43.6600360,-79.3959004,112.00
43.6600360,-79.3958879,112.00
43.6600360,-79.3958755,112.00
43.6600360,-79.3958630,112.00
43.6600360,-79.3958506,112.00
43.6600360,-79.3958381,115.00
43.6600360,-79.3958257,115.00
43.6600360,-79.3958132,115.00
43.6600360,-79.3958008,115.00
43.6600360,-79.3957883,115.00
43.6600360,-79.3957758,115.00
43.6600360,-79.3957634,115.00
43.6600360,-79.3957509,115.00
43.6600360,-79.3957385,115.00
43.6600360,-79.3957260,115.00
43.6600360,-79.3957136,115.00
43.6600360,-79.3957011,115.00
43.6600450,-79.3963113,112.00
43.6600450,-79.3962989,112.00
43.6600450,-79.3962864,112.00
43.6600450,-79.3962740,112.00
43.6600450,-79.3962615,112.00
43.6600450,-79.3962491,112.00
43.6600450,-79.3962366,112.00
43.6600450,-79.3962242,112.00
43.6600450,-79.3962117,112.00
43.6600450,-79.3961992,112.00
43.6600450,-79.3961868,112.00
43.6600450,-79.3961743,112.00
43.6600450,-79.3961619,112.00
43.6600450,-79.3961494,112.00
43.6600450,-79.3961370,112.00
43.6600450,-79.3961245,112.00
43.6600450,-79.3961121,112.00
43.6600450,-79.3960996,112.00
43.6600450,-79.3960872,112.00
43.6600450,-79.3960747,112.00
43.6600450,-79.3960623,112.00
43.6600450,-79.3960498,112.00
43.6600450,-79.3960374,112.00
43.6600450,-79.3960249,112.00
43.6600450,-79.3960125,112.00
43.6600450,-79.3960000,112.00
43.6600450,-79.3959875,112.00
43.6600450,-79.3959751,112.00
43.6600450,-79.3959626,112.00
43.6600450,-79.3959502,112.00
43.6600450,-79.3959377,112.00
43.6600450,-79.3959253,112.00
43.6600450,-79.3959128,112.00
43.6600450,-79.3959004,112.00
43.6600450,-79.3958879,112.00
43.6600450,-79.3958755,112.00
43.6600450,-79.3958630,112.00
43.6600450,-79.3958506,112.00
43.6600450,-79.3958381,115.00
43.6600450,-79.3958257,115.00
43.6600450,-79.3958132,115.00
43.6600450,-79.3958008,115.00
43.6600450,-79.3957883,115.00
43.6600450,-79.3957758,115.00
43.6600450,-79.3957634,115.00
43.6600450,-79.3957509,115.00
43.6600450,-79.3957385,115.00
43.6600450,-79.3957260,115.00
43.6600450,-79.3957136,115.00
43.6600450,-79.3957011,115.00
43.6600541,-79.3963113,112.00
43.6600541,-79.3962989,112.00
43.6600541,-79.3962864,112.00
43.6600541,-79.3962740,112.00
43.6600541,-79.3962615,112.00
43.6600541,-79.3962491,112.00
43.6600541,-79.3962366,112.00
43.6600541,-79.3962242,112.00
43.6600541,-79.3962117,112.00
43.6600541,-79.3961992,112.00
43.6600541,-79.3961868,112.00
43.6600541,-79.3961743,112.00
43.6600541,-79.3961619,112.00
43.6600541,-79.3961494,112.00
43.6600541,-79.3961370,112.00
43.6600541,-79.3961245,112.00
43.6600541,-79.3961121,112.00
43.6600541,-79.3960996,112.00
43.6600541,-79.3960872,112.00
43.6600541,-79.3960747,112.00
43.6600541,-79.3960623,112.00
43.6600541,-79.3960498,112.00
43.6600541,-79.3960374,112.00
43.6600541,-79.3960249,112.00
43.6600541,-79.3960125,112.00
43.6600541,-79.3960000,112.00
43.6600541,-79.3959875,112.00
43.6600541,-79.3959751,112.00
43.6600541,-79.3959626,112.00
43.6600541,-79.3959502,112.00
43.6600541,-79.3959377,112.00
43.6600541,-79.3959253,112.00
43.6600541,-79.3959128,112.00
43.6600541,-79.3959004,112.00
43.6600541,-79.3958879,112.00
43.6600541,-79.3958755,112.00
43.6600541,-79.3958630,112.00
43.6600541,-79.3958506,112.00
43.6600541,-79.3958381,115.00
43.6600541,-79.3958257,115.00
43.6600541,-79.3958132,115.00
43.6600541,-79.3958008,115.00
43.6600541,-79.3957883,115.00
43.6600541,-79.3957758,115.00
43.6600541,-79.3957634,115.00
43.6600541,-79.3957509,115.00
43.6600541,-79.3957385,115.00
43.6600541,-79.3957260,115.00
43.6600541,-79.3957136,115.00
43.6600541,-79.3957011,115.00
43.6600631,-79.3963113,112.00
43.6600631,-79.3962989,112.00
43.6600631,-79.3962864,112.00
43.6600631,-79.3962740,112.00
43.6600631,-79.3962615,112.00
43.6600631,-79.3962491,112.00
43.6600631,-79.3962366,112.00
43.6600631,-79.3962242,112.00
43.6600631,-79.3962117,112.00
43.6600631,-79.3961992,112.00
43.6600631,-79.3961868,112.00
43.6600631,-79.3961743,112.00
43.6600631,-79.3961619,112.00
43.6600631,-79.3961494,112.00
43.6600631,-79.3961370,112.00
43.6600631,-79.3961245,112.00
43.6600631,-79.3961121,112.00
43.6600631,-79.3960996,112.00
43.6600631,-79.3960872,112.00
43.6600631,-79.3960747,112.00
43.6600631,-79.3960623,112.00
43.6600631,-79.3960498,112.00
43.6600631,-79.3960374,112.00
43.6600631,-79.3960249,112.00
43.6600631,-79.3960125,112.00
43.6600631,-79.3960000,112.00
43.6600631,-79.3959875,112.00
43.6600631,-79.3959751,112.00
43.6600631,-79.3959626,112.00
43.6600631,-79.3959502,112.00
43.6600631,-79.3959377,112.00
43.6600631,-79.3959253,112.00
43.6600631,-79.3959128,112.00
43.6600631,-79.3959004,112.00
43.6600631,-79.3958879,112.00
43.6600631,-79.3958755,112.00
43.6600631,-79.3958630,112.00
43.6600631,-79.3958506,112.00
43.6600631,-79.3958381,115.00
43.6600631,-79.3958257,115.00
43.6600631,-79.3958132,115.00
43.6600631,-79.3958008,115.00
43.6600631,-79.3957883,115.00
43.6600631,-79.3957758,115.00
43.6600631,-79.3957634,115.00
43.6600631,-79.3957509,115.00
43.6600631,-79.3957385,115.00
43.6600631,-79.3957260,115.00
43.6600631,-79.3957136,115.00
43.6600631,-79.3957011,115.00
43.6600721,-79.3963113,112.00
43.6600721,-79.3962989,112.00
43.6600721,-79.3962864,112.00
43.6600721,-79.3962740,112.00
43.6600721,-79.3962615,112.00
43.6600721,-79.3962491,112.00
43.6600721,-79.3962366,112.00
43.6600721,-79.3962242,112.00
43.6600721,-79.3962117,112.00
43.6600721,-79.3961992,112.00
43.6600721,-79.3961868,112.00
43.6600721,-79.3961743,112.00
43.6600721,-79.3961619,112.00
43.6600721,-79.3961494,112.00
43.6600721,-79.3961370,112.00
43.6600721,-79.3961245,112.00
43.6600721,-79.3961121,112.00
43.6600721,-79.3960996,112.00
43.6600721,-79.3960872,112.00
43.6600721,-79.3960747,112.00
43.6600721,-79.3960623,112.00
43.6600721,-79.3960498,112.00
43.6600721,-79.3960374,112.00
43.6600721,-79.3960249,112.00
43.6600721,-79.3960125,112.00
43.6600721,-79.3960000,112.00
43.6600721,-79.3959875,112.00
43.6600721,-79.3959751,112.00
43.6600721,-79.3959626,112.00
43.6600721,-79.3959502,112.00
43.6600721,-79.3959377,112.00
43.6600721,-79.3959253,112.00
43.6600721,-79.3959128,112.00
43.6600721,-79.3959004,112.00
43.6600721,-79.3958879,112.00
43.6600721,-79.3958755,112.00
43.6600721,-79.3958630,112.00
43.6600721,-79.3958506,112.00
43.6600721,-79.3958381,115.00
43.6600721,-79.3958257,115.00
43.6600721,-79.3958132,115.00
43.6600721,-79.3958008,115.00
43.6600721,-79.3957883,115.00
43.6600721,-79.3957758,115.00
43.6600721,-79.3957634,115.00
43.6600721,-79.3957509,115.00
43.6600721,-79.3957385,115.00
43.6600721,-79.3957260,115.00
43.6600721,-79.3957136,115.00
43.6600721,-79.3957011,115.00
43.6600811,-79.3963113,112.00
43.6600811,-79.3962989,112.00
43.6600811,-79.3962864,112.00
43.6600811,-79.3962740,112.00
43.6600811,-79.3962615,112.00
43.6600811,-79.3962491,112.00
43.6600811,-79.3962366,112.00
43.6600811,-79.3962242,112.00
43.6600811,-79.3962117,112.00
43.6600811,-79.3961992,112.00
43.6600811,-79.3961868,112.00
43.6600811,-79.3961743,112.00
43.6600811,-79.3961619,112.00
43.6600811,-79.3961494,112.00
43.6600811,-79.3961370,112.00
43.6600811,-79.3961245,112.00
43.6600811,-79.3961121,112.00
43.6600811,-79.3960996,112.00
43.6600811,-79.3960872,112.00
43.6600811,-79.3960747,112.00
43.6600811,-79.3960623,112.00
43.6600811,-79.3960498,112.00
43.6600811,-79.3960374,112.00
43.6600811,-79.3960249,112.00
43.6600811,-79.3960125,112.00
43.6600811,-79.3960000,112.00
43.6600811,-79.3959875,112.00
43.6600811,-79.3959751,112.00
43.6600811,-79.3959626,112.00
43.6600811,-79.3959502,112.00
43.6600811,-79.3959377,112.00
43.6600811,-79.3959253,112.00
43.6600811,-79.3959128,112.00
43.6600811,-79.3959004,112.00
43.6600811,-79.3958879,112.00
43.6600811,-79.3958755,112.00
43.6600811,-79.3958630,112.00
43.6600811,-79.3958506,112.00
43.6600811,-79.3958381,115.00
43.6600811,-79.3958257,115.00
43.6600811,-79.3958132,115.00
43.6600811,-79.3958008,115.00
43.6600811,-79.3957883,115.00
43.6600811,-79.3957758,115.00
43.6600811,-79.3957634,115.00
43.6600811,-79.3957509,115.00
43.6600811,-79.3957385,115.00
43.6600811,-79.3957260,115.00
43.6600811,-79.3957136,115.00
43.6600811,-79.3957011,115.00
43.6600901,-79.3963113,112.00
43.6600901,-79.3962989,112.00
43.6600901,-79.3962864,112.00
43.6600901,-79.3962740,112.00
43.6600901,-79.3962615,112.00
43.6600901,-79.3962491,112.00
43.6600901,-79.3962366,112.00
43.6600901,-79.3962242,112.00
43.6600901,-79.3962117,112.00
43.6600901,-79.3961992,112.00
43.6600901,-79.3961868,112.00
43.6600901,-79.3961743,112.00
43.6600901,-79.3961619,112.00
43.6600901,-79.3961494,112.00
43.6600901,-79.3961370,112.00
43.6600901,-79.3961245,112.00
43.6600901,-79.3961121,112.00
43.6600901,-79.3960996,112.00
43.6600901,-79.3960872,112.00
43.6600901,-79.3960747,112.00
43.6600901,-79.3960623,112.00
43.6600901,-79.3960498,112.00
43.6600901,-79.3960374,112.00
43.6600901,-79.3960249,112.00
43.6600901,-79.3960125,112.00
43.6600901,-79.3960000,112.00
43.6600901,-79.3959875,112.00
43.6600901,-79.3959751,112.00
43.6600901,-79.3959626,112.00
43.6600901,-79.3959502,112.00
43.6600901,-79.3959377,112.00
43.6600901,-79.3959253,112.00
43.6600901,-79.3959128,112.00
43.6600901,-79.3959004,112.00
43.6600901,-79.3958879,112.00
43.6600901,-79.3958755,112.00
43.6600901,-79.3958630,112.00
43.6600901,-79.3958506,112.00
43.6600901,-79.3958381,115.00
43.6600901,-79.3958257,115.00
43.6600901,-79.3958132,115.00
43.6600901,-79.3958008,115.00
43.6600901,-79.3957883,115.00
43.6600901,-79.3957758,115.00
43.6600901,-79.3957634,115.00
43.6600901,-79.3957509,115.00
43.6600901,-79.3957385,115.00
43.6600901,-79.3957260,115.00
43.6600901,-79.3957136,115.00
43.6600901,-79.3957011,115.00
43.6600991,-79.3963113,112.00
43.6600991,-79.3962989,112.00
43.6600991,-79.3962864,112.00
43.6600991,-79.3962740,112.00
43.6600991,-79.3962615,112.00
43.6600991,-79.3962491,112.00
43.6600991,-79.3962366,112.00
43.6600991,-79.3962242,112.00
43.6600991,-79.3962117,112.00
43.6600991,-79.3961992,112.00
43.6600991,-79.3961868,112.00
43.6600991,-79.3961743,112.00
43.6600991,-79.3961619,112.00
43.6600991,-79.3961494,112.00
43.6600991,-79.3961370,112.00
43.6600991,-79.3961245,112.00
43.6600991,-79.3961121,112.00
43.6600991,-79.3960996,112.00
43.6600991,-79.3960872,112.00
43.6600991,-79.3960747,112.00
43.6600991,-79.3960623,112.00
43.6600991,-79.3960498,112.00
43.6600991,-79.3960374,112.00
43.6600991,-79.3960249,112.00
43.6600991,-79.3960125,112.00
43.6600991,-79.3960000,112.00
43.6600991,-79.3959875,112.00
43.6600991,-79.3959751,112.00
43.6600991,-79.3959626,112.00
43.6600991,-79.3959502,112.00
43.6600991,-79.3959377,112.00
43.6600991,-79.3959253,112.00
43.6600991,-79.3959128,112.00
43.6600991,-79.3959004,112.00
43.6600991,-79.3958879,112.00
43.6600991,-79.3958755,112.00
43.6600991,-79.3958630,112.00
43.6600991,-79.3958506,112.00
43.6600991,-79.3958381,115.00
43.6600991,-79.3958257,115.00
43.6600991,-79.3958132,115.00
43.6600991,-79.3958008,115.00
43.6600991,-79.3957883,115.00
43.6600991,-79.3957758,115.00
43.6600991,-79.3957634,115.00
43.6600991,-79.3957509,115.00
43.6600991,-79.3957385,115.00
43.6600991,-79.3957260,115.00
43.6600991,-79.3957136,115.00
43.6600991,-79.3957011,115.00
43.6601081,-79.3963113,112.00
43.6601081,-79.3962989,112.00
43.6601081,-79.3962864,112.00
43.6601081,-79.3962740,112.00
43.6601081,-79.3962615,112.00
43.6601081,-79.3962491,112.00
43.6601081,-79.3962366,112.00
43.6601081,-79.3962242,112.00
43.6601081,-79.3962117,112.00
43.6601081,-79.3961992,112.00
43.6601081,-79.3961868,112.00
43.6601081,-79.3961743,112.00
43.6601081,-79.3961619,112.00
43.6601081,-79.3961494,112.00
43.6601081,-79.3961370,112.00
43.6601081,-79.3961245,112.00
43.6601081,-79.3961121,112.00
43.6601081,-79.3960996,112.00
43.6601081,-79.3960872,112.00
43.6601081,-79.3960747,112.00
43.6601081,-79.3960623,112.00
43.6601081,-79.3960498,112.00
43.6601081,-79.3960374,112.00
43.6601081,-79.3960249,112.00
43.6601081,-79.3960125,112.00
43.6601081,-79.3960000,112.00
43.6601081,-79.3959875,112.00
43.6601081,-79.3959751,112.00
43.6601081,-79.3959626,112.00
43.6601081,-79.3959502,112.00
43.6601081,-79.3959377,112.00
43.6601081,-79.3959253,112.00
43.6601081,-79.3959128,112.00
43.6601081,-79.3959004,112.00
43.6601081,-79.3958879,112.00
43.6601081,-79.3958755,112.00
43.6601081,-79.3958630,112.00
43.6601081,-79.3958506,112.00
43.6601081,-79.3958381,115.00
43.6601081,-79.3958257,115.00
43.6601081,-79.3958132,115.00
43.6601081,-79.3958008,115.00
43.6601081,-79.3957883,115.00
43.6601081,-79.3957758,115.00
43.6601081,-79.3957634,115.00
43.6601081,-79.3957509,115.00
43.6601081,-79.3957385,115.00
43.6601081,-79.3957260,115.00
43.6601081,-79.3957136,115.00
43.6601081,-79.3957011,115.00
43.6601171,-79.3963113,112.00
43.6601171,-79.3962989,112.00
43.6601171,-79.3962864,112.00
43.6601171,-79.3962740,112.00
43.6601171,-79.3962615,112.00
43.6601171,-79.3962491,112.00
43.6601171,-79.3962366,112.00
43.6601171,-79.3962242,112.00
43.6601171,-79.3962117,112.00
43.6601171,-79.3961992,112.00
43.6601171,-79.3961868,112.00
43.6601171,-79.3961743,112.00
43.6601171,-79.3961619,112.00
43.6601171,-79.3961494,112.00
43.6601171,-79.3961370,112.00
43.6601171,-79.3961245,112.00
43.6601171,-79.3961121,112.00
43.6601171,-79.3960996,112.00
43.6601171,-79.3960872,112.00
43.6601171,-79.3960747,112.00
43.6601171,-79.3960623,112.00
43.6601171,-79.3960498,112.00
43.6601171,-79.3960374,112.00
43.6601171,-79.3960249,112.00
43.6601171,-79.3960125,112.00
43.6601171,-79.3960000,112.00
43.6601171,-79.3959875,112.00
43.6601171,-79.3959751,112.00
43.6601171,-79.3959626,112.00
43.6601171,-79.3959502,112.00
43.6601171,-79.3959377,112.00
43.6601171,-79.3959253,112.00
43.6601171,-79.3959128,112.00
43.6601171,-79.3959004,112.00
43.6601171,-79.3958879,112.00
43.6601171,-79.3958755,112.00
43.6601171,-79.3958630,112.00
43.6601171,-79.3958506,112.00
43.6601171,-79.3958381,115.00
43.6601171,-79.3958257,115.00
43.6601171,-79.3958132,115.00
43.6601171,-79.3958008,115.00
43.6601171,-79.3957883,115.00
43.6601171,-79.3957758,115.00
43.6601171,-79.3957634,115.00
43.6601171,-79.3957509,115.00
43.6601171,-79.3957385,115.00
43.6601171,-79.3957260,115.00
43.6601171,-79.3957136,115.00
43.6601171,-79.3957011,115.00
43.6601261,-79.3963113,112.00
43.6601261,-79.3962989,112.00
43.6601261,-79.3962864,112.00
43.6601261,-79.3962740,112.00
43.6601261,-79.3962615,112.00
43.6601261,-79.3962491,112.00
43.6601261,-79.3962366,112.00
43.6601261,-79.3962242,112.00
43.6601261,-79.3962117,112.00
43.6601261,-79.3961992,112.00
43.6601261,-79.3961868,112.00
43.6601261,-79.3961743,112.00
43.6601261,-79.3961619,112.00
43.6601261,-79.3961494,112.00
43.6601261,-79.3961370,112.00
43.6601261,-79.3961245,112.00
43.6601261,-79.3961121,112.00
43.6601261,-79.3960996,112.00
43.6601261,-79.3960872,112.00
43.6601261,-79.3960747,112.00
43.6601261,-79.3960623,112.00
43.6601261,-79.3960498,112.00
43.6601261,-79.3960374,112.00
43.6601261,-79.3960249,112.00
43.6601261,-79.3960125,112.00
43.6601261,-79.3960000,112.00
43.6601261,-79.3959875,112.00
43.6601261,-79.3959751,112.00
43.6601261,-79.3959626,112.00
43.6601261,-79.3959502,112.00
43.6601261,-79.3959377,112.00
43.6601261,-79.3959253,112.00
43.6601261,-79.3959128,112.00
43.6601261,-79.3959004,112.00
43.6601261,-79.3958879,112.00
43.6601261,-79.3958755,112.00
43.6601261,-79.3958630,112.00
43.6601261,-79.3958506,112.00
43.6601261,-79.3958381,115.00
43.6601261,-79.3958257,115.00
43.6601261,-79.3958132,115.00
43.6601261,-79.3958008,115.00
43.6601261,-79.3957883,115.00
43.6601261,-79.3957758,115.00
43.6601261,-79.3957634,115.00
43.6601261,-79.3957509,115.00
43.6601261,-79.3957385,115.00
43.6601261,-79.3957260,115.00
43.6601261,-79.3957136,115.00
43.6601261,-79.3957011,115.00
43.6601351,-79.3963113,112.00
43.6601351,-79.3962989,112.00
43.6601351,-79.3962864,112.00
43.6601351,-79.3962740,112.00
43.6601351,-79.3962615,112.00
43.6601351,-79.3962491,112.00
43.6601351,-79.3962366,112.00
43.6601351,-79.3962242,112.00
43.6601351,-79.3962117,112.00
43.6601351,-79.3961992,112.00
43.6601351,-79.3961868,112.00
43.6601351,-79.3961743,112.00
43.6601351,-79.3961619,112.00
43.6601351,-79.3961494,112.00
43.6601351,-79.3961370,112.00
43.6601351,-79.3961245,112.00
43.6601351,-79.3961121,112.00
43.6601351,-79.3960996,112.00
43.6601351,-79.3960872,112.00
43.6601351,-79.3960747,112.00
43.6601351,-79.3960623,112.00
43.6601351,-79.3960498,112.00
43.6601351,-79.3960374,112.00
43.6601351,-79.3960249,112.00
43.6601351,-79.3960125,112.00
43.6601351,-79.3960000,112.00
43.6601351,-79.3959875,112.00
43.6601351,-79.3959751,112.00
43.6601351,-79.3959626,112.00
43.6601351,-79.3959502,112.00
43.6601351,-79.3959377,112.00
43.6601351,-79.3959253,112.00
43.6601351,-79.3959128,112.00
43.6601351,-79.3959004,112.00
43.6601351,-79.3958879,112.00
43.6601351,-79.3958755,112.00
43.6601351,-79.3958630,112.00
43.6601351,-79.3958506,112.00
43.6601351,-79.3958381,115.00
43.6601351,-79.3958257,115.00
43.6601351,-79.3958132,115.00
43.6601351,-79.3958008,115.00
43.6601351,-79.3957883,115.00
43.6601351,-79.3957758,115.00
43.6601351,-79.3957634,115.00
43.6601351,-79.3957509,115.00
43.6601351,-79.3957385,115.00
43.6601351,-79.3957260,115.00
43.6601351,-79.3957136,115.00
43.6601351,-79.3957011,115.00
43.6601441,-79.3963113,112.00
43.6601441,-79.3962989,112.00
43.6601441,-79.3962864,112.00
43.6601441,-79.3962740,112.00
43.6601441,-79.3962615,112.00
43.6601441,-79.3962491,112.00
43.6601441,-79.3962366,112.00
43.6601441,-79.3962242,112.00
43.6601441,-79.3962117,112.00
43.6601441,-79.3961992,112.00
43.6601441,-79.3961868,112.00
43.6601441,-79.3961743,112.00
43.6601441,-79.3961619,112.00
43.6601441,-79.3961494,112.00
43.6601441,-79.3961370,112.00
43.6601441,-79.3961245,112.00
43.6601441,-79.3961121,112.00
43.6601441,-79.3960996,112.00
43.6601441,-79.3960872,112.00
43.6601441,-79.3960747,112.00
43.6601441,-79.3960623,112.00
43.6601441,-79.3960498,112.00
43.6601441,-79.3960374,112.00
43.6601441,-79.3960249,112.00
43.6601441,-79.3960125,112.00
43.6601441,-79.3960000,112.00
43.6601441,-79.3959875,112.00
43.6601441,-79.3959751,112.00
43.6601441,-79.3959626,112.00
43.6601441,-79.3959502,112.00
43.6601441,-79.3959377,112.00
43.6601441,-79.3959253,112.00
43.6601441,-79.3959128,112.00
43.6601441,-79.3959004,112.00
43.6601441,-79.3958879,112.00
43.6601441,-79.3958755,112.00
43.6601441,-79.3958630,112.00
43.6601441,-79.3958506,112.00
43.6601441,-79.3958381,115.00
43.6601441,-79.3958257,115.00
43.6601441,-79.3958132,115.00
43.6601441,-79.3958008,115.00
43.6601441,-79.3957883,115.00
43.6601441,-79.3957758,115.00
43.6601441,-79.3957634,115.00
43.6601441,-79.3957509,115.00
43.6601441,-79.3957385,115.00
43.6601441,-79.3957260,115.00
43.6601441,-79.3957136,115.00
43.6601441,-79.3957011,115.00
43.6601532,-79.3963113,112.00
43.6601532,-79.3962989,112.00
43.6601532,-79.3962864,112.00
43.6601532,-79.3962740,112.00
43.6601532,-79.3962615,112.00
43.6601532,-79.3962491,112.00
43.6601532,-79.3962366,112.00
43.6601532,-79.3962242,112.00
43.6601532,-79.3962117,112.00
43.6601532,-79.3961992,112.00
43.6601532,-79.3961868,112.00
43.6601532,-79.3961743,112.00
43.6601532,-79.3961619,112.00
43.6601532,-79.3961494,112.00
43.6601532,-79.3961370,112.00
43.6601532,-79.3961245,112.00
43.6601532,-79.3961121,112.00
43.6601532,-79.3960996,112.00
43.6601532,-79.3960872,112.00
43.6601532,-79.3960747,112.00
43.6601532,-79.3960623,112.00
43.6601532,-79.3960498,112.00
43.6601532,-79.3960374,112.00
43.6601532,-79.3960249,112.00
43.6601532,-79.3960125,112.00
43.6601532,-79.3960000,112.00
43.6601532,-79.3959875,112.00
43.6601532,-79.3959751,112.00
43.6601532,-79.3959626,112.00
43.6601532,-79.3959502,112.00
43.6601532,-79.3959377,112.00
43.6601532,-79.3959253,112.00
43.6601532,-79.3959128,112.00
43.6601532,-79.3959004,112.00
43.6601532,-79.3958879,112.00
43.6601532,-79.3958755,112.00
43.6601532,-79.3958630,112.00
43.6601532,-79.3958506,112.00
43.6601532,-79.3958381,115.00
43.6601532,-79.3958257,115.00
43.6601532,-79.3958132,115.00
43.6601532,-79.3958008,115.00
43.6601532,-79.3957883,115.00
43.6601532,-79.3957758,115.00
43.6601532,-79.3957634,115.00
43.6601532,-79.3957509,115.00
43.6601532,-79.3957385,115.00
43.6601532,-79.3957260,115.00
43.6601532,-79.3957136,115.00
43.6601532,-79.3957011,115.00
43.6601622,-79.3963113,112.00
43.6601622,-79.3962989,112.00
43.6601622,-79.3962864,112.00
43.6601622,-79.3962740,112.00
43.6601622,-79.3962615,112.00
43.6601622,-79.3962491,112.00
43.6601622,-79.3962366,112.00
43.6601622,-79.3962242,112.00
43.6601622,-79.3962117,112.00
43.6601622,-79.3961992,112.00
43.6601622,-79.3961868,112.00
43.6601622,-79.3961743,112.00
43.6601622,-79.3961619,112.00
43.6601622,-79.3961494,112.00
43.6601622,-79.3961370,112.00
43.6601622,-79.3961245,112.00
43.6601622,-79.3961121,112.00
43.6601622,-79.3960996,112.00
43.6601622,-79.3960872,112.00
43.6601622,-79.3960747,112.00
43.6601622,-79.3960623,112.00
43.6601622,-79.3960498,112.00
43.6601622,-79.3960374,112.00
43.6601622,-79.3960249,112.00
43.6601622,-79.3960125,112.00
43.6601622,-79.3960000,112.00
43.6601622,-79.3959875,112.00
43.6601622,-79.3959751,112.00
43.6601622,-79.3959626,112.00
43.6601622,-79.3959502,112.00
43.6601622,-79.3959377,112.00
43.6601622,-79.3959253,112.00
43.6601622,-79.3959128,112.00
43.6601622,-79.3959004,112.00
43.6601622,-79.3958879,112.00
43.6601622,-79.3958755,112.00
43.6601622,-79.3958630,112.00
43.6601622,-79.3958506,112.00
43.6601622,-79.3958381,115.00
43.6601622,-79.3958257,115.00
43.6601622,-79.3958132,115.00
43.6601622,-79.3958008,115.00
43.6601622,-79.3957883,115.00
43.6601622,-79.3957758,115.00
43.6601622,-79.3957634,115.00
43.6601622,-79.3957509,115.00
43.6601622,-79.3957385,115.00
43.6601622,-79.3957260,115.00
43.6601622,-79.3957136,115.00
43.6601622,-79.3957011,115.00
43.6601712,-79.3963113,112.00
43.6601712,-79.3962989,112.00
43.6601712,-79.3962864,112.00
43.6601712,-79.3962740,112.00
43.6601712,-79.3962615,112.00
43.6601712,-79.3962491,112.00
43.6601712,-79.3962366,112.00
43.6601712,-79.3962242,112.00
43.6601712,-79.3962117,112.00
43.6601712,-79.3961992,112.00
43.6601712,-79.3961868,112.00
43.6601712,-79.3961743,112.00
43.6601712,-79.3961619,112.00
43.6601712,-79.3961494,112.00
43.6601712,-79.3961370,112.00
43.6601712,-79.3961245,112.00
43.6601712,-79.3961121,112.00
43.6601712,-79.3960996,112.00
43.6601712,-79.3960872,112.00
43.6601712,-79.3960747,112.00
43.6601712,-79.3960623,112.00
43.6601712,-79.3960498,112.00
43.6601712,-79.3960374,112.00
43.6601712,-79.3960249,112.00
43.6601712,-79.3960125,112.00
43.6601712,-79.3960000,112.00
43.6601712,-79.3959875,112.00
43.6601712,-79.3959751,112.00
43.6601712,-79.3959626,112.00
43.6601712,-79.3959502,112.00
43.6601712,-79.3959377,112.00
43.6601712,-79.3959253,112.00
43.6601712,-79.3959128,112.00
43.6601712,-79.3959004,112.00
43.6601712,-79.3958879,112.00
43.6601712,-79.3958755,112.00
43.6601712,-79.3958630,112.00
43.6601712,-79.3958506,112.00
43.6601712,-79.3958381,115.00
43.6601712,-79.3958257,115.00
43.6601712,-79.3958132,115.00
43.6601712,-79.3958008,115.00
43.6601712,-79.3957883,115.00
43.6601712,-79.3957758,115.00
43.6601712,-79.3957634,115.00
43.6601712,-79.3957509,115.00
43.6601712,-79.3957385,115.00
43.6601712,-79.3957260,115.00
43.6601712,-79.3957136,115.00
43.6601712,-79.3957011,115.00
43.6601802,-79.3963113,112.00
43.6601802,-79.3962989,112.00
43.6601802,-79.3962864,112.00
43.6601802,-79.3962740,112.00
43.6601802,-79.3962615,112.00
43.6601802,-79.3962491,112.00
43.6601802,-79.3962366,112.00
43.6601802,-79.3962242,112.00
43.6601802,-79.3962117,112.00
43.6601802,-79.3961992,112.00
43.6601802,-79.3961868,112.00
43.6601802,-79.3961743,112.00
43.6601802,-79.3961619,112.00
43.6601802,-79.3961494,112.00
43.6601802,-79.3961370,112.00
43.6601802,-79.3961245,112.00
43.6601802,-79.3961121,112.00
43.6601802,-79.3960996,112.00
43.6601802,-79.3960872,112.00
43.6601802,-79.3960747,112.00
43.6601802,-79.3960623,112.00
43.6601802,-79.3960498,112.00
43.6601802,-79.3960374,112.00
43.6601802,-79.3960249,112.00
43.6601802,-79.3960125,112.00
43.6601802,-79.3960000,112.00
43.6601802,-79.3959875,112.00
43.6601802,-79.3959751,112.00
43.6601802,-79.3959626,112.00
43.6601802,-79.3959502,112.00
43.6601802,-79.3959377,112.00
43.6601802,-79.3959253,112.00
43.6601802,-79.3959128,112.00
43.6601802,-79.3959004,112.00
43.6601802,-79.3958879,112.00
43.6601802,-79.3958755,112.00
43.6601802,-79.3958630,112.00
43.6601802,-79.3958506,112.00
43.6601802,-79.3958381,115.00
43.6601802,-79.3958257,115.00
43.6601802,-79.3958132,115.00
43.6601802,-79.3958008,115.00
43.6601802,-79.3957883,115.00
43.6601802,-79.3957758,115.00
43.6601802,-79.3957634,115.00
43.6601802,-79.3957509,115.00
43.6601802,-79.3957385,115.00
43.6601802,-79.3957260,115.00
43.6601802,-79.3957136,115.00
43.6601802,-79.3957011,115.00
43.6601892,-79.3963113,112.00
43.6601892,-79.3962989,112.00
43.6601892,-79.3962864,112.00
43.6601892,-79.3962740,112.00
43.6601892,-79.3962615,112.00
43.6601892,-79.3962491,112.00
43.6601892,-79.3962366,112.00
43.6601892,-79.3962242,112.00
43.6601892,-79.3962117,112.00
43.6601892,-79.3961992,112.00
43.6601892,-79.3961868,112.00
43.6601892,-79.3961743,112.00
43.6601892,-79.3961619,112.00
43.6601892,-79.3961494,112.00
43.6601892,-79.3961370,112.00
43.6601892,-79.3961245,112.00
43.6601892,-79.3961121,112.00
43.6601892,-79.3960996,112.00
43.6601892,-79.3960872,112.00
43.6601892,-79.3960747,112.00
43.6601892,-79.3960623,112.00
43.6601892,-79.3960498,112.00
43.6601892,-79.3960374,112.00
43.6601892,-79.3960249,112.00
43.6601892,-79.3960125,112.00
43.6601892,-79.3960000,112.00
43.6601892,-79.3959875,112.00
43.6601892,-79.3959751,112.00
43.6601892,-79.3959626,112.00
43.6601892,-79.3959502,112.00
43.6601892,-79.3959377,112.00
43.6601892,-79.3959253,112.00
43.6601892,-79.3959128,112.00
43.6601892,-79.3959004,112.00
43.6601892,-79.3958879,112.00
43.6601892,-79.3958755,112.00
43.6601892,-79.3958630,112.00
43.6601892,-79.3958506,112.00
43.6601892,-79.3958381,115.00
43.6601892,-79.3958257,115.00
43.6601892,-79.3958132,115.00
43.6601892,-79.3958008,115.00
43.6601892,-79.3957883,115.00
43.6601892,-79.3957758,115.00
43.6601892,-79.3957634,115.00
43.6601892,-79.3957509,115.00
43.6601892,-79.3957385,115.00
43.6601892,-79.3957260,115.00
43.6601892,-79.3957136,115.00
43.6601892,-79.3957011,115.00
43.6601982,-79.3963113,112.00
43.6601982,-79.3962989,112.00
43.6601982,-79.3962864,112.00
43.6601982,-79.3962740,112.00
43.6601982,-79.3962615,112.00
43.6601982,-79.3962491,112.00
43.6601982,-79.3962366,112.00
43.6601982,-79.3962242,112.00
43.6601982,-79.3962117,112.00
43.6601982,-79.3961992,112.00
43.6601982,-79.3961868,112.00
43.6601982,-79.3961743,112.00
43.6601982,-79.3961619,112.00
43.6601982,-79.3961494,112.00
43.6601982,-79.3961370,112.00
43.6601982,-79.3961245,112.00
43.6601982,-79.3961121,112.00
43.6601982,-79.3960996,112.00
43.6601982,-79.3960872,112.00
43.6601982,-79.3960747,112.00
43.6601982,-79.3960623,112.00
43.6601982,-79.3960498,112.00
43.6601982,-79.3960374,112.00
43.6601982,-79.3960249,112.00
43.6601982,-79.3960125,112.00
43.6601982,-79.3960000,112.00
43.6601982,-79.3959875,112.00
43.6601982,-79.3959751,112.00
43.6601982,-79.3959626,112.00
43.6601982,-79.3959502,112.00
43.6601982,-79.3959377,112.00
43.6601982,-79.3959253,112.00
43.6601982,-79.3959128,112.00
43.6601982,-79.3959004,112.00
43.6601982,-79.3958879,112.00
43.6601982,-79.3958755,112.00
43.6601982,-79.3958630,112.00
43.6601982,-79.3958506,112.00
43.6601982,-79.3958381,115.00
43.6601982,-79.3958257,115.00
43.6601982,-79.3958132,115.00
43.6601982,-79.3958008,115.00
43.6601982,-79.3957883,115.00
43.6601982,-79.3957758,115.00
43.6601982,-79.3957634,115.00
43.6601982,-79.3957509,115.00
43.6601982,-79.3957385,115.00
43.6601982,-79.3957260,115.00
43.6601982,-79.3957136,115.00
43.6601982,-79.3957011,115.00
43.6602072,-79.3963113,112.00
43.6602072,-79.3962989,112.00
43.6602072,-79.3962864,112.00
43.6602072,-79.3962740,112.00
43.6602072,-79.3962615,112.00
43.6602072,-79.3962491,112.00
43.6602072,-79.3962366,112.00
43.6602072,-79.3962242,112.00
43.6602072,-79.3962117,112.00
43.6602072,-79.3961992,112.00
43.6602072,-79.3961868,112.00
43.6602072,-79.3961743,112.00
43.6602072,-79.3961619,112.00
43.6602072,-79.3961494,112.00
43.6602072,-79.3961370,112.00
43.6602072,-79.3961245,112.00
43.6602072,-79.3961121,112.00
43.6602072,-79.3960996,112.00
43.6602072,-79.3960872,112.00
43.6602072,-79.3960747,112.00
43.6602072,-79.3960623,112.00
43.6602072,-79.3960498,112.00
43.6602072,-79.3960374,112.00
43.6602072,-79.3960249,112.00
43.6602072,-79.3960125,112.00
43.6602072,-79.3960000,112.00
43.6602072,-79.3959875,112.00
43.6602072,-79.3959751,112.00
43.6602072,-79.3959626,112.00
43.6602072,-79.3959502,112.00
43.6602072,-79.3959377,112.00
43.6602072,-79.3959253,112.00
43.6602072,-79.3959128,112.00
43.6602072,-79.3959004,112.00
43.6602072,-79.3958879,112.00
43.6602072,-79.3958755,112.00
43.6602072,-79.3958630,112.00
43.6602072,-79.3958506,112.00
43.6602072,-79.3958381,115.00
43.6602072,-79.3958257,115.00
43.6602072,-79.3958132,115.00
43.6602072,-79.3958008,115.00
43.6602072,-79.3957883,115.00
43.6602072,-79.3957758,115.00
43.6602072,-79.3957634,115.00
43.6602072,-79.3957509,115.00
43.6602072,-79.3957385,115.00
43.6602072,-79.3957260,115.00
43.6602072,-79.3957136,115.00
43.6602072,-79.3957011,115.00
43.6602162,-79.3963113,112.00
43.6602162,-79.3962989,112.00
43.6602162,-79.3962864,112.00
43.6602162,-79.3962740,112.00
43.6602162,-79.3962615,112.00
43.6602162,-79.3962491,112.00
43.6602162,-79.3962366,112.00
43.6602162,-79.3962242,112.00
43.6602162,-79.3962117,112.00
43.6602162,-79.3961992,112.00
43.6602162,-79.3961868,112.00
43.6602162,-79.3961743,112.00
43.6602162,-79.3961619,112.00
43.6602162,-79.3961494,112.00
43.6602162,-79.3961370,112.00
43.6602162,-79.3961245,112.00
43.6602162,-79.3961121,112.00
43.6602162,-79.3960996,112.00
43.6602162,-79.3960872,112.00
43.6602162,-79.3960747,112.00
43.6602162,-79.3960623,112.00
43.6602162,-79.3960498,112.00
43.6602162,-79.3960374,112.00
43.6602162,-79.3960249,112.00
43.6602162,-79.3960125,112.00
43.6602162,-79.3960000,112.00
43.6602162,-79.3959875,112.00
43.6602162,-79.3959751,112.00
43.6602162,-79.3959626,112.00
43.6602162,-79.3959502,112.00
43.6602162,-79.3959377,112.00
43.6602162,-79.3959253,112.00
43.6602162,-79.3959128,112.00
43.6602162,-79.3959004,112.00
43.6602162,-79.3958879,112.00
43.6602162,-79.3958755,112.00
43.6602162,-79.3958630,112.00
43.6602162,-79.3958506,112.00
43.6602162,-79.3958381,115.00
43.6602162,-79.3958257,115.00
43.6602162,-79.3958132,115.00
43.6602162,-79.3958008,115.00
43.6602162,-79.3957883,115.00
43.6602162,-79.3957758,115.00
43.6602162,-79.3957634,115.00
43.6602162,-79.3957509,115.00
43.6602162,-79.3957385,115.00
43.6602162,-79.3957260,115.00
43.6602162,-79.3957136,115.00
43.6602162,-79.3957011,115.00
